url_noticia,titular_noticia,is_clickbait,texto_titular,token_usado,status_procesamiento
https://t.co/akeHX8Radv,https://twitter.com/sport/status/1928372056569315744,1,"ü§´ El secreto mejor guardado de Paula Badosa: ""Lo tengo escrito en la raqueta""

‚úçÔ∏è @albertbriva9 
https://t.co/ik70DfHNVe",1.0,success
https://t.co/pwUqPTlapw,https://twitter.com/La_SER/status/1928372056837742665,1,"üéÆ Aimar Bretos descubre cu√°ndo se jubilan los jugadores de eSports y se queda sin palabras: ""Me ha matado"" https://t.co/QSJEl9GSSD",2.0,success
https://t.co/Mw0hQLRW42,https://twitter.com/abc_es/status/1928372061358993679,1,"üîç Esta es la causa de m√°s del 80% de los c√°nceres de cavidad oral, laringe y faringe https://t.co/jggrhWLEP2",3.0,success
https://t.co/6YYAJyjzeJ,https://twitter.com/okdiario/status/1928339250149269529,1,Giro de 180¬∫ en los cajeros de toda la vida: el cambio que llega el 28 de junio https://t.co/4cOcWdGsSE,4.0,success
https://t.co/noMgLDNRaW,https://twitter.com/ahorrandoclick1/status/1928347829379961064/photo/1,1,Usar las entradas y salidas con menos coste. https://t.co/noMgLDNRaW,5.0,success
https://t.co/SEes3D4fmg,https://x.com/AESAN_gob_es/status/1928167779057709517?s=19,1,"‚ö†Ô∏è Exclusivamente para personas con alergia o intolerancia a los componentes de la leche: posible presencia de leche no declarada en el etiquetado de licores.
üìå https://t.co/cI17Hly9gz https://t.co/Ee2jrd1iC4",1.0,success
https://t.co/4qop4sq507,https://twitter.com/El_Plural/status/1928342773108773197,1,"Retiran estos populares licores vendidos en toda Espa√±a: si tienes alergia, no los consumas https://t.co/KiaFQWg0V1",2.0,success
https://t.co/QrarEpxOI0,https://twitter.com/NoticiasCaracol/status/1928315434773926074,1,"Este es el pa√≠s con la costa m√°s larga del mundo: est√° rodeado por tres oc√©anos y ninguno lo supera

https://t.co/o86UhKS0Nc",3.0,success
https://t.co/5HkcpHHewx,https://twitter.com/LaOtraCronica/status/1928317362333212706,1,"El bonito pueblo milenario en el que naci√≥ Aitana: rodeado de monta√±as, cerca de Barcelona y famoso por sus cerezas https://t.co/Gvx8QYzHW0 https://t.co/w6BirP5xga",4.0,success
https://t.co/ajgMZeKTMM,https://twitter.com/futbolred/status/1928298891838972100,1,#SelColombia |¬†ü§îüß§ ¬øPor qu√© √Ålvaro Montero no fue convocado a la Selecci√≥n Colombia? Todos los detalles aqu√≠ üëáüîó https://t.co/Wu43PJIL2v,5.0,success
https://t.co/MUMqiUVpZF,https://twitter.com/elgraficoweb/status/1928274161228521701,1,"üí£Bombazo: principio de acuerdo entre Franco Mastantuono y un gigante de Europa

üî¥‚ö™La joven estrella de River partir√≠a al f√∫tbol del Viejo Continente despu√©s de dos negociaciones que se dieron en Buenos Aires.
https://t.co/Hy91EK3YKT",1.0,success
https://t.co/N6CpvmPhv8,https://twitter.com/MundoEConflicto/status/1928243707414733036,1,üçü McDonald‚Äôs anunci√≥ cierre masivo de locales para junio 2025: los motivos detr√°s de la decisi√≥n. https://t.co/XVGIsp4kn9,2.0,success
https://t.co/yRedrEgHY3,https://twitter.com/WinSportsTV/status/1928118823086969323,1,"üü¢ü§î ¬øCuesti√≥n de horas? Deportivo Cali har√≠a un importante anuncio sobre Alfredo Arias
https://t.co/zq9zECOMet",3.0,success
https://t.co/ywrUwTfMSw,https://twitter.com/los_replicantes/status/1928027601358012787,1,Adi√≥s a esta multinacional en Espa√±a: cierra su hist√≥rica tienda y abandona esta capital https://t.co/yOWcRXE3nw,4.0,success
https://t.co/dlh90R36DE,https://twitter.com/okdiario/status/1927957810316234852,1,Hacienda lo confirma: multas de miles de euros por sacar √©sta cantidad del cajero https://t.co/JZFekZpPdg,5.0,success
https://t.co/vHeyWb0ngq,https://twitter.com/meganoticiascl/status/1927942979106328625,1,Dur√≥ menos de cuatro a√±os: Popular cervecer√≠a cerrar√° para siempre el pr√≥ximo 31 de mayo      https://t.co/0iEwV0EEjL,1.0,success
https://t.co/fIeHKKf1a4,https://twitter.com/CaracolDeportes/status/1927733193861456105,1,"üîµ Millonarios, el mejor equipo colombiano en este ranking hist√≥rico de la Copa Libertadores

üîù El cuadro ‚Äòembajador‚Äô supera a equipos hist√≥ricos como Cruzeiro, Racing, Deportivo Cali, entre otros

https://t.co/m6GPwMpStr",2.0,success
https://t.co/CD29cWj7iF,https://twitter.com/Antena2RCN/status/1927787591144821023,1,"üò≤ Junior anunci√≥ cambio de DT

https://t.co/stBHuAjnuk",3.0,success
https://t.co/wWmbBCI6Qm,https://twitter.com/mediotiempo/status/1927595391786123745,1,"¬°Ah caray! üò≥
Toluca deja Televisa y sus partidos ser√°n transmitidos por esta televisora a partir del Apertura 2025

https://t.co/9MC4728LrY https://t.co/DaY9bC3I7Z",4.0,success
https://t.co/eh2T3Y4JlJ,https://twitter.com/elheraldoco/status/1927560467750265154,1,"Aerol√≠nea anuncia nueva ruta directa entre Colombia y Estados Unidos.

üì≤M√°s detalles haciendo clic en la imagen. ‚¨á
https://t.co/uLiBnh3wnH",5.0,success
https://t.co/3OiKfGoT74,https://twitter.com/deportesDDS/status/1927626591435120795,1,Error: L√≠mite de rate excedido,1.0,rate_limited
https://t.co/rULZ8LjF8B,https://twitter.com/ahorrandoclick1/status/1927615843535335850/photo/1,1,Error: L√≠mite de rate excedido,2.0,rate_limited
https://t.co/3IxMdPDvxh,https://twitter.com/clarincom/status/1927515412129816847,1,Error: L√≠mite de rate excedido,3.0,rate_limited
https://t.co/ClaRGb4O09,https://twitter.com/elpaisuy/status/1927430920719523844,1,Error: L√≠mite de rate excedido,4.0,rate_limited
https://t.co/GsWPx8GYde,https://twitter.com/RevistaSemana/status/1927365442324082952,1,Error: L√≠mite de rate excedido,5.0,rate_limited
https://t.co/zUHlqNnx0u,https://twitter.com/AlfaBetaJuega/status/1927261044910522776,1,"La serie de The Last of Us evita una de las muertes m√°s dolorosas del juego
           https://t.co/QHrancOAIA",1.0,success
https://t.co/MsjmWnVlmK,https://twitter.com/antena3com/status/1927261362369012214,1,"üí¨ El deseo de Quique S√°nchez Flores para su hija Patricia, que se casa dentro de un mes con Javier Millet.  https://t.co/aVPUIiQt8z",2.0,success
https://t.co/WzWFg1bEKq,https://twitter.com/okdiario/status/1927261468216451201,1,Richard Gere confirma los rumores que nadie se cre√≠a: ¬´Cada ma√±ana¬ª https://t.co/wvj1hXuBYb,3.0,success
https://t.co/Jb8skHjHI5,https://twitter.com/okdiario/status/1927248303760065018,1,Adi√≥s a los cajeros de siempre: el cambio inminente que llega en junio te pillar√° por sorpresa https://t.co/ufIfKnXkjz,4.0,success
https://t.co/op3MdxKxsI,https://twitter.com/okdiario/status/1927248298504572996,1,"Si Hacienda no te ha devuelto el dinero de la declaraci√≥n de la Renta, cuidado: es por esta raz√≥n https://t.co/TGXexz1NzJ",5.0,success
https://t.co/VxEpQdq0la,https://twitter.com/FotografiAS_AS/status/1927031977502282136,1,"Este es el √∫nico club de Europa que tendr√° una piscina en el estadio.

https://t.co/3TTSj8Ny4v",1.0,success
https://t.co/EoR0e0Rtx5,https://twitter.com/RevistaSemana/status/1927140707791216783,1,"#Deportes | Fijo de Selecci√≥n Colombia tendr√≠a esta lesi√≥n a horas de la convocatoria: revolc√≥n para Lorenzo
https://t.co/eKmIEM9SFA",2.0,success
https://t.co/FgKlUPEi2w,https://twitter.com/A24COM/status/1926967468263604484,1,"""Fr√≠o polar"" en Buenos Aires: qu√© d√≠a de esta semana bajar√° la temperatura a 5 grados

https://t.co/YkZE7nTmfD",3.0,success
https://t.co/KeA7GFM3I0,https://twitter.com/ahorrandoclick1/status/1926923858298188132/photo/1,1,"la playa de Castilnovo, entre los municipios gaditanos del Palmar y Conil de la Frontera https://t.co/KeA7GFM3I0",4.0,success
https://t.co/CxpwQKMKBE,https://twitter.com/ahorrandoclick1/status/1926923663883849880/photo/1,1,https://t.co/CxpwQKMKBE https://t.co/v5MHPe6ERc,5.0,success
https://t.co/v5MHPe6ERc,https://twitter.com/okdiario/status/1926923078094794890,1,El zasca de la mujer de Lucas V√°zquez a sus haters y la reacci√≥n del futbolista https://t.co/PfSVgJO1Xm,1.0,success
https://t.co/mipzpQKjf2,https://twitter.com/As_TomasRoncero/status/1926571593565614373,1,No se vio en TV y va a romper el coraz√≥n de todos los madridistas: lo que hizo @MrAncelotti en su adi√≥s  https://t.co/SuDXMiSrpH v√≠a @diarioas,2.0,success
https://t.co/blHyhBzN2r,https://twitter.com/infobae/status/1926864468115357856,1,¬øDar√≠o Benedetto vuelve al f√∫tbol argentino? En qu√© equipo de Primera Divisi√≥n se entren√≥ https://t.co/1ff36umoZD,3.0,success
https://t.co/XAarKLzsJ8,https://twitter.com/infobae/status/1926865840789414217,1,El personaje so√±ado de David Tennant que Pedro Pascal obtuvo | Por Virginia Garc√≠a https://t.co/waFDMpzu93,4.0,success
https://t.co/MHb2Ir3ije,https://twitter.com/Jalopnik/status/1926350201893044661,1,"If you associate the brand with muscle cars like the GTO cruising California roadways, the state with the most Pontiacs per capita will surprise you.
https://t.co/xCTIppBKyz",5.0,success
https://t.co/9gJHnyYJjd,https://twitter.com/okdiario/status/1926187399358341455,1,Hay cientos de conductores afectados: la nueva se√±al de tr√°fico que va a arruinar el verano a media Espa√±a https://t.co/cZBG48vi1O,1.0,success
https://t.co/YcQtP7taBl,https://twitter.com/mundodeportivo/status/1926168643408130273,1,"üí∞ Esta es la cifra real por la que Ronaldo ha vendido el Valladolid

‚úçÔ∏è @RamonFuentes74 

https://t.co/nEoSW9q1cm",2.0,success
https://t.co/4CS4zuL2nn,https://twitter.com/MundoEConflicto/status/1925895675159474478,1,üåé Listo para una Guerra Mundial: el pa√≠s de Sudam√©rica que preocupa a las potencias por su imponente submarino nuclear. https://t.co/E93YeU1MLY,3.0,success
https://t.co/oXhopLDd3t,https://twitter.com/tjcope/status/1925855598693802228,1,"‚úÖ El futbolista que fichar√≠a Maldini para suplir a Luka Modric en el Real Madrid

ü´£ ""Ser√≠a el m√°s parecido""

https://t.co/gXKJLsdSV7",4.0,success
https://t.co/eKRYOPkWup,https://twitter.com/relevo/status/1925832753070625182,1,"Terremoto de entrenadores en la cantera del Real Madrid: Ra√∫l se va, Arbeloa asciende y suenan Toril y un ex del Barcelona  https://t.co/6I6BJPAYvt",5.0,success
https://t.co/vIJH6QLLNB,https://twitter.com/okdiario/status/1925832705389846939,1,No volver√°s a tomar caf√© de la misma manera: el invento de Decathlon perfecto para los cafeteros m√°s adictos https://t.co/Yure5on4ps,1.0,success
https://t.co/Znnsw6JfLX,https://twitter.com/ChilangoCom/status/1925801623642616211,1,¬°Brad Pitt viene a la CDMX! ü§© Prep√°rate para correr a toda velocidad y poder verlo de cerquita. üèÉ‚Äç‚ôÇÔ∏èüëÄ Checa cu√°ndo vendr√° por el fan event de ‚ÄúF1 la pel√≠cula‚Äù. üèéÔ∏èüèÅ Aqu√≠ te lo contamos: https://t.co/MyvZvbdjZO ‚ú® https://t.co/kj1EvHBAgG,2.0,success
https://t.co/wFXi9MAFPP,https://twitter.com/okdiario/status/1925791087869722711,1,Giro radical en los billetes de euro: el aviso de Banco de Espa√±a que puede cambiarlo todo https://t.co/oLU3ptAtGh,3.0,success
https://t.co/sjl5jGrk8R,https://twitter.com/elEconomistaes/status/1925536117023015273,1,Cuidado: llegan las primeras multas por ver el futbol en pirata con una IPTV y pueden ser de hasta 5.000 euros https://t.co/Zq8vHY8nX1,4.0,success
https://t.co/oMYTktNYHt,https://twitter.com/Primicias/status/1925624024748507405,1,El rey Felipe de Espa√±a no podr√° venir a la posesi√≥n de Noboa y esta es la raz√≥n. https://t.co/bI58zNS9VA,5.0,success
https://t.co/FnjRWH4Wx6,https://twitter.com/quediario/status/1925422179111281112,1,Rafa Nadal habla sin tapujos del documental de Carlos Alcaraz: menuda rajada https://t.co/1rUMu4sAFW,1.0,success
https://t.co/VVvXwA04kk,https://twitter.com/Lecturas/status/1925422630112248199,1,Isabel Allende deja at√≥nito a David Broncano con sus inesperadas respuestas a las preguntas cl√°sicas de ‚ÄòLa Revuelta‚Äô #LaRevuelta https://t.co/w0n2QX160b,2.0,success
https://t.co/ZMHbNolgSv,https://twitter.com/WinSportsTV/status/1925335891846808011,1,"‚ö†Ô∏è ‚ùå üü¢ Conoce cu√°ntas fechas de sanci√≥n recibi√≥ Edwin Cardona tras ser expulsado por Wilmar Rold√°n

https://t.co/izdNUOqh9r https://t.co/tgxEgO8Q94",3.0,success
https://t.co/iYPqKoQbrG,https://twitter.com/VandalOnline/status/1925063867123589600,1,HBO cancela la segunda temporada de 'El Ping√ºino' con Colin Farrell y nadie lo entiende: Warner tiene sus motivos https://t.co/0h9k5f4WeP,4.0,success
https://t.co/JSMcm1XRYY,https://twitter.com/La_SER/status/1925261561679249428,1,"‚öΩ El grave error que puede condenar al Real Madrid de cara a la pr√≥xima temporada: ""La clave est√° ah√≠"" https://t.co/jYnGUWEDuF",5.0,success
https://t.co/fvK5HOTz05,https://twitter.com/GolCaracol/status/1925269361994211663,1,üö® LUTO EN EL F√öTBOL COLOMBIANO üö® https://t.co/zvefasrcw8 https://t.co/xG8GdBpXW1,1.0,success
https://t.co/TskVAqq12v,https://twitter.com/superdeporte_es/status/1925125773360292194,1,"#ValenciaCF üìç‚öΩ¬øQui√©n debe ganar el Bal√≥n de Oro para Diego L√≥pez?

üìùEl asturiano fue preguntado en la inauguraci√≥n del nuevo campo de Sedav√≠ sobre qui√©n es el mejor futbolista del momento

https://t.co/AhFVYFCwks",2.0,success
https://t.co/xR7b6rIde8,https://twitter.com/Farodevigo/status/1925125773402234996,1,"Confirmado por Hacienda: multa a los propietarios que tengan m√°s de una vivienda y no hagan esto
https://t.co/b0Ej1twJKp",3.0,success
https://t.co/bsVaw32BMK,https://twitter.com/periodicoaragon/status/1925079108171792465,1,"‚úàÔ∏è Adi√≥s a pagar por facturar tus maletas en el aeropuerto: sale a la luz el mejor truco de la historia para conseguirlo

‚úàÔ∏è Hemos rescatado uno de los mejores trucos para ahorrar en equipaje a la hora de hacer viajes largos
https://t.co/BGF9pAaAzO",4.0,success
https://t.co/PGmb1Wky54,https://twitter.com/ahorrandoclick1/status/1925092087751446904/photo/1,1,"Si crees que te llama un familiar pero puede ser un timador con su voz, ten una palabra secreta con tus familiares.

Por cierto, la ""experta"" es una enfermera... https://t.co/PGmb1Wky54",5.0,success
https://t.co/pLRRCseZPz,https://twitter.com/3djuegos/status/1925090376991264934,1,"Ya sabemos qui√©n es el villano sorpresa de la nueva peli de Superman y como fan no puedo estar m√°s decepcionado  https://t.co/lO8yModusv

#3DJuegos",1.0,success
https://t.co/AXKwUG4541,https://twitter.com/El_Plural/status/1925077519033651317,1,El pueblo de Albacete con piscinas naturales en su centro hist√≥rico y cascadas d√≥nde refrescarse este verano https://t.co/NmFUcCko8L,2.0,success
https://t.co/w95z4v1jsx,https://twitter.com/larazon_es/status/1925077912467677440,1,"#LoM√°sLe√≠do üì∞ El pa√≠s del mundo que ha estado cerca de ser invadido por media Europa, pero nunca ha logrado ser colonizado https://t.co/JFa9VIJXoQ",3.0,success
https://t.co/aSCEuQs4VQ,https://twitter.com/infobae/status/1924965862416494908,1,"Una popular cadena de comida que opera en casi todo el pa√≠s anunci√≥ el cierre de hasta 21 locales | Por Luis A. Flores
https://t.co/MFCHkBT6YG",4.0,success
https://t.co/d51BJTHuvE,https://twitter.com/elcorreo_com/status/1924736575285457340,1,¬øPor qu√© est√° cerrada la tienda del Athletic en San Mam√©s? https://t.co/nz29QzpQiM,5.0,success
https://t.co/mCtzfaZcTA,https://twitter.com/DSports/status/1924821934140997688,1,"TAJANTE ‚öΩ

Ni Messi ni Cristiano Ronaldo: Rio Ferdinand eligi√≥ al mejor futbolista del mundo üò±
 https://t.co/pOHBvXOVPb",1.0,success
https://t.co/UPyz7mGDAU,https://twitter.com/elcorreo_com/status/1924839010632958293,1,üëáEl municipio vizca√≠no que participar√° en la pr√≥xima edici√≥n del Grand Prix  https://t.co/DFqAJUabas,2.0,success
https://t.co/JdpHRvSrVf,https://twitter.com/abc_es/status/1924797565658140797,1,"üë∂ Jos√© Luis Mart√≠nez-Almeida revela el nombre de su primer hijo con Teresa Urquijo

‚úçÔ∏è @bejaranosangama 
https://t.co/M2P5TVQGDT",3.0,success
https://t.co/koez7ocKvW,https://twitter.com/20m/status/1924611025585701304,1,"En el blog de @elbecario | Un aeropuerto de r√©cord: no ha perdido una sola maleta en los √∫ltimos 30 a√±os

https://t.co/OAjkZcDN6q",4.0,success
https://t.co/l4lUcrsFhC,https://twitter.com/elcorreoweb/status/1924556053145854158,1,"‚õ±Ô∏èAna Rosa Quintana pone fecha a sus vacaciones y nombra a sus sustitutos en Mediaset

‚úçÔ∏èCarlos Merenciano
https://t.co/1pMVcNk6bd",5.0,success
https://t.co/GF1dUYQKby,https://twitter.com/Farodevigo/status/1924556274559017383,1,"Ana Rosa Quintana pone fecha a sus vacaciones y nombra a sus sustitutos en Mediaset
https://t.co/J7zvqpJB9I",1.0,success
https://t.co/K842BcQfv5,https://twitter.com/ahorrandoclick1/status/1924558752256086184/photo/1,1,Lala Chus https://t.co/K842BcQfv5,2.0,success
https://t.co/65L5s8gTkn,https://twitter.com/MiSeleccion_/status/1924510362847621180,1,"üòÆ‚öΩÔ∏è Luis D√≠az y Dibu Mart√≠nez podr√≠an jugar juntos: atenci√≥n al gigante de Europa que los querr√≠a juntar

üí™üëä Ambos jugadores podr√≠an terminar siendo compa√±eros en la pr√≥xima temporada.

https://t.co/XcdOQ2mdKp",3.0,success
https://t.co/SaZIohyzgz,https://twitter.com/voz_populi/status/1924407625648665009,1,"ü•¶ Esta es la verdura que los japoneses comen y est√° cargada de prote√≠na

https://t.co/wW0QJVxB2P",4.0,success
https://t.co/pJSX56uJSf,https://twitter.com/mundodeportivo/status/1924394387900858444,1,"üèÜ Ya se conocen los rivales del Bar√ßa para la Supercopa de Espa√±a 2026

‚úçÔ∏è @martibarenys 

https://t.co/owZOf3REAU",5.0,success
https://t.co/8XavcP3Hsa,https://twitter.com/mundodeportivo/status/1924386205732372909,1,"‚ùóÔ∏è Fuerte sanci√≥n UEFA a Croacia

‚úçÔ∏è @RamonFuentes74 

https://t.co/LYO2mXLwPv",1.0,success
https://t.co/QSeyLF7vCh,https://twitter.com/mundodeportivo/status/1924395216464699462,1,"üòÇ Sinner revela la 'traici√≥n' de su hermano, ausente en la final de Roma ante Alcaraz

‚úçÔ∏è @ivanronda 

https://t.co/VmsBedzgq7",2.0,success
https://t.co/hGhUSQp0bD,https://twitter.com/AlfaBetaJuega/status/1924367024399983068,1,"Nintendo pide disculpas de manera oficial por esta funci√≥n de Nintendo Switch 2 que no estar√° en la consola
           https://t.co/RIOTYckwEN",3.0,success
https://t.co/PUBNdZjUjA,https://twitter.com/proceso/status/1924339291687162333,1,"As√≠ reaccion√≥ Donald Trump al diagn√≥stico de c√°ncer de pr√≥stata de Joe Biden

El presidente public√≥ en su red Truth Social despu√©s de que se diera a conocer el estado de salud de su antecesor. https://t.co/fOWH8Nve8y",4.0,success
https://t.co/ZnNQEPChvo,https://twitter.com/deia_eus/status/1924210964699746648,1,"üö® El Athletic ya conoce el horario en el que despedir√° a De Marcos ante el Barcelona

https://t.co/iXpDW03Oza",5.0,success
https://t.co/Tg0Oe0fETZ,https://twitter.com/La_SER/status/1924155151561920688,1,"Sanidad ordena la retirada inmediata de un conocido medicamento en Espa√±a para tratar la depresi√≥n
https://t.co/wtbyQ2OGxV",1.0,success
https://t.co/cYXdKNHUoS,https://twitter.com/GolCaracol/status/1924116518347899024,1,"‚ñ∂ Se conocieron todos los detalles del traspaso del defensa central, Dean Huijsen, al conjunto 'merengue', proveniente del Bournemouth, de la Premier League,

https://t.co/tohoR0V0LT",2.0,success
https://t.co/sLbVkLcUy3,https://twitter.com/ahorrandoclick1/status/1924109308670734474/photo/1,1,Vosotros lo veis a 219 euros? Yo tampoco. https://t.co/sLbVkLcUy3 https://t.co/j7f8mXHTCQ,3.0,success
https://t.co/j7f8mXHTCQ,https://twitter.com/andro4all/status/1924105244587286536,1,"De 219 a 99 euros: es el ventilador m√°s vendido en Amazon y tiene un descuento hist√≥rico
           https://t.co/d4yF8QBpJB",4.0,success
https://t.co/NQgu6NH9jG,https://twitter.com/lanuevaespana/status/1924106481655255535,1,Fichaje bomba en Socialit√©: Telecinco mueve ficha y recupera a esta pol√©mica exreportera para el programa  https://t.co/N3JBWn7zqb,5.0,success
https://t.co/AqnC2rnhbt,https://twitter.com/Farodevigo/status/1924106537171034622,1,"üì∫ Esta es la conocida presentadora de 'Antena 3' que se niega a ir a 'Pasapalabra': el motivo es sorprendente
https://t.co/8H113JR1xh",1.0,success
https://t.co/ZnSR1iI4Jp,https://twitter.com/3djuegos/status/1924073716331221190,1,Error: No se encontr√≥ el tweet,2.0,no_data
https://t.co/6ExlgNWQRM,https://twitter.com/diariocadiz/status/1924057380871885270,1,"Este pueblo de C√°diz es el m√°s bonito de Andaluc√≠a este 2025, seg√∫n National Geographic: ""Es un lugar donde reina la luz"" https://t.co/IKUoTliCrM",3.0,success
https://t.co/aYrc4ZVoJg,https://twitter.com/quediario/status/1924001548079698153,1,Carlos Fern√°ndez zanja su futuro con la Real Sociedad https://t.co/oZpO6JRh2T,4.0,success
https://t.co/N5P0q969XN,https://twitter.com/telediariomty/status/1923783653823221919,1,"Qu√© pasa si hay empate entre Toluca y Tigres en semifinales
https://t.co/oYx595VmcN",5.0,success
https://t.co/A9ZkwuKx49,https://twitter.com/RedMasNoticias/status/1923951816338731360,1,"Si viaja a Estados Unidos o Europa, no podr√° llevar este objeto electr√≥nico en el avi√≥n: aerol√≠neas actualizan normativa https://t.co/B9dxRFnOzm",1.0,success
https://t.co/J82YocdWXC,https://twitter.com/tjcope/status/1923749659467456657,1,"üì∫ Paco Gonz√°lez desvela la √∫nica serie que ha tenido que dejar a medias

üò≥ ""Por indignaci√≥n""

https://t.co/9qgycxdRCl",2.0,success
https://t.co/OzxSxfp4LL,https://twitter.com/ahorrandoclick1/status/1923685080733466831/photo/1,1,"Mastantuono, Reijnders, Exequiel Palacios o Angelo Stiller.

Para que os hag√°is una idea del nivel de la informaci√≥n:
No saben que el Liverpool no juega el torneo. https://t.co/OzxSxfp4LL https://t.co/yBcdUxIBqq",3.0,success
https://t.co/yBcdUxIBqq,https://twitter.com/ESdiario_com/status/1923683842944073765,1,Los centrocampistas que el Real Madrid sigue para darle a Xabi Alonso en el Mundial de Clubes https://t.co/lY35Cf5IO4,4.0,success
https://t.co/WhUskMx757,https://twitter.com/pulzo/status/1923657981196951577,1,"Preocupaci√≥n por campe√≥n del mundo con Brasil en 2002; fue hospitalizado de urgencia.
https://t.co/YIpddMhYy7",5.0,success
https://t.co/q3cSUoZMun,https://twitter.com/lanuevaespana/status/1923658286651367752,1,"Desvelan el secreto de Orestes y otros concursantes de Pasapalabra: ""No tenemos amigos...""  https://t.co/0pMAzTq7Q5",1.0,success
https://t.co/WGnfGe5xgU,https://twitter.com/mundodeportivo/status/1923659312909431043,1,"üî¥ L√∫cio, ingresado con graves quemaduras: el comunicado del hospital

https://t.co/pDH5V1SUZu",2.0,success
https://t.co/qufmpTCxwS,https://twitter.com/andro4all/status/1923652407105298742,1,"Elon Musk advierte: el Sol va a devorar a la Tierra
           https://t.co/UYp6Bg9NDq",3.0,success
https://t.co/p71L9WXrFT,https://twitter.com/RevistaSemana/status/1923506245559812125,1,Ent√©rese: https://t.co/kj3jjL62bR https://t.co/Lll8V9BZ58,4.0,success
https://t.co/kmJIIlOZrC,https://twitter.com/elcomerciocom/status/1923525452708143413,1,"La ciencia resolvi√≥ el famoso misterio üëáüòé
https://t.co/4nG1luDEKy https://t.co/Gg37z8gkl7",5.0,success
https://t.co/GuEWA9LcQU,https://twitter.com/okdiario/status/1923347846608065001,1,Adi√≥s confirmado: tres f√°bricas de Bimbo echan el candado y suman m√°s de 600 despidos en Espa√±a https://t.co/hKHPxmdJqi,1.0,success
https://t.co/xhWiKWWvKE,https://twitter.com/AlfaBetaJuega/status/1923284998150296025,1,"Los seguidores de God of War quieren desesperadamente el regreso de Kratos, pero no del modo que imaginas
           https://t.co/c4gy3ZdcT8",2.0,success
https://t.co/WPu4VRRG8l,https://twitter.com/As_MasDeporte/status/1923284335991418900,1,"üéæ¬°Alcaraz busca la final en Roma!
üì∫Alcaraz - Musetti: TV, horario, d√≥nde y c√≥mo ver el Masters 1.000 de Roma
https://t.co/HqD6ftaozO",3.0,success
https://t.co/NZZSsmn9iy,https://twitter.com/heraldoes/status/1923285190736003150,1,¬øEn qu√© posici√≥n sale Espa√±a con Melody en Eurovisi√≥n? Orden de las actuaciones de la final de 2025 https://t.co/r5y7L32FGh,4.0,success
https://t.co/cgcKBZ4n6R,https://twitter.com/lanuevaespana/status/1923281335377940742,1,"Adi√≥s a las botellas de butano naranjas: desaparecen las de toda la vida, estas ser√°n las nuevas  https://t.co/uypGgSEAXh",5.0,success
https://t.co/cJ8CEWU6Nz,https://twitter.com/lanuevaespana/status/1923281446099181613,1,‚ÄúPrecauci√≥n‚Äù: La Guardia Civil manda un aviso por lo √∫ltimo que est√° pasando en las playas de Espa√±a  https://t.co/XDrXCwbShd,1.0,success
https://t.co/YQk0zGMoIn,https://x.com/justfallen4ngel/status/1922717416586416260?s=19,1,que original se pone la renfe a veces https://t.co/7HsZnhXsHX,2.0,success
https://t.co/qfMFDskVSe,https://twitter.com/ahorrandoclick1/status/1923283738273701978/photo/1,1,https://t.co/YQk0zGMoIn https://t.co/qfMFDskVSe,3.0,success
https://t.co/KdqlmSiUZD,https://twitter.com/voz_populi/status/1923261378011312459,1,"üéâQui√©n va a ganar Eurovisi√≥n seg√∫n ChatGPT

Informa @andrea_dvg 

https://t.co/TlqcnQO5sY",4.0,success
https://t.co/U8QwEvlezq,https://twitter.com/ahorrandoclick1/status/1923261297610621271/photo/1,1,https://t.co/U8QwEvlezq https://t.co/Y3BRXqY3KV,5.0,success
https://t.co/Y3BRXqY3KV,https://twitter.com/larazon_es/status/1923258569551425736,1,"üë§ Fue nombrada la ""ni√±a m√°s guapa del mundo"" con 6 a√±os y as√≠ luce ahora a los 24 a√±os üëáüèª

https://t.co/CpvhTd8Upi",1.0,success
https://t.co/mV1Qg7rvmw,https://twitter.com/mundodeportivo/status/1923259847660687605,1,"üèÄ Juancho Hernang√≥mez desvela d√≥nde se quiere retirar en Espa√±a

üó®Ô∏è ""Esa fue la raz√≥n por la que firm√© por solo dos a√±os con el Panathinaikos""

‚úçÔ∏è @EloyRodellar7 
https://t.co/wAsbWNtpfE",2.0,success
https://t.co/xHmK2XzDyp,https://twitter.com/larazon_es/status/1923249553194762696,1,"üìç Este es el pueblo m√°s antiguo de Cantabria que parece sacado de una postal.

‚û°Ô∏è Fue declarado Conjunto Hist√≥rico Art√≠stico en 1979 por su arquitectura tradicional

https://t.co/PvfhEZzBFp",3.0,success
https://t.co/Uw3oKk9d0Q,https://twitter.com/telecincoes/status/1923249559322415531,1,Alejandra Rubio ense√±a el rinc√≥n favorito de su sal√≥n y Carlo Costanzia reacciona https://t.co/fLi3UhkPML,4.0,success
https://t.co/CJSoQayEDS,https://twitter.com/sextaNoticias/status/1923151410671059081,1,La OCDE busca Ciudades para todas las edades y una de las mejores para las personas mayores est√° en Espa√±a https://t.co/oBLKOUYuPu,5.0,success
https://t.co/PQJqUECDgK,https://twitter.com/PuntoDBreak/status/1923114715506520559,1,üéæüö®Noticia confirmada. Kyrgios volver√° a Roland Garros https://t.co/2pHqHsgV01,1.0,success
https://t.co/WY4QRqqLYX,https://twitter.com/marca/status/1923071274252718408,1,Los datos lo confirman: Lamine Yamal puede igualar a Cristiano Ronaldo con algo impropio a sus 17 a√±os https://t.co/I1QOXaRLnz,2.0,success
https://t.co/TmerL1GJv2,https://twitter.com/DiarioOle/status/1923089633451094134,1,"Ander Herrera confirm√≥ cuando vuelve a la titularidad en Boca üîµüü°‚úÖ

https://t.co/o8ZWry66VN",3.0,success
https://t.co/uAgbjRAXqq,https://twitter.com/antena3com/status/1923089654082924816,1,"Encogimiento de pene o p√©rdida del orgasmo, efectos secundarios de este popular crecepelo: ""Los riesgos superan a los beneficios"" üó£Ô∏è https://t.co/JuU9ftTMJK",4.0,success
https://t.co/PQa7MWZUVA,https://twitter.com/ahorrandoclick1/status/1923090642084757734/photo/1,1,Han renovado el contrato del programa. https://t.co/PQa7MWZUVA,5.0,success
https://t.co/X1EoxSp6EW,https://twitter.com/AS_TikitakAS/status/1923002124197036194,1,"üò≤ Dua Lipa se emociona y desvela uno de sus rincones favoritos de Madrid: ‚ÄúTen√©is que venir a verlo‚Äù

üí¨ ""Me siento muy afortunada"" https://t.co/VEZbftQLFk",1.0,success
https://t.co/L1GMi8Nvhd,https://twitter.com/RevistaSemana/status/1923089395348910240,1,"#Deportes | Definido el club de James Rodr√≠guez para el resto del 2025: sali√≥ a la luz el anuncio oficial
https://t.co/l1xkQIKxiu https://t.co/QVRgue9iWp",2.0,success
https://t.co/t9W3fmhDc6,https://twitter.com/ahorrandoclick1/status/1923089611565232598/photo/1,1,Que te d√© el sol. https://t.co/t9W3fmhDc6,3.0,success
https://t.co/p08kIOLb1y,https://twitter.com/diarioas/status/1923075584281743515,1,"üö® √öLTIMA HORA

üë®‚Äç‚öñÔ∏è El juez aclara su auto y retira a Asencio el cargo de grabar los v√≠deos sexuales

üîó M√°s informaci√≥n: https://t.co/gY7re4PjKV https://t.co/gRoZqHELZv",4.0,success
https://t.co/qyDapcAZYF,https://twitter.com/elEconomistaes/status/1923043431737074064,1,Adi√≥s a irse de ca√±as en los bares espa√±oles: el m√≠tico vaso de cerveza est√° a punto de desaparecer de nuestras vidas https://t.co/2IqejeoPCC,5.0,success
https://t.co/ij2zLhbDP0,https://twitter.com/EPExtremadura/status/1922932578794770561,1,"üì∫Adi√≥s a Jordi Hurtado en Saber y Ganar: ""40 a√±os en la televisi√≥n""
https://t.co/4p5FQ48BxX",1.0,success
https://t.co/QiFNamAuUn,https://twitter.com/La_SER/status/1923010478126641192,1,"üíî Mart√≠n Bianchi explica el gran foll√≥n en la familia Beckham: ""Hay montada una telenovela..."" https://t.co/fH9c2lQ5bn",2.0,success
https://t.co/rdfUU8HvTr,https://twitter.com/ahorrandoclick1/status/1922969619502907824/photo/1,1,https://t.co/rdfUU8HvTr https://t.co/dbzReD7GQZ,3.0,success
https://t.co/dbzReD7GQZ,https://twitter.com/Lecturas/status/1922967700994662785,1,Isabel D√≠az Ayuso enamora en San Isidro con el vestido de invitada perfecto: de corte p√©plum y estampado https://t.co/iZ6QEbDGqJ,4.0,success
https://t.co/NimIT0yvb8,https://twitter.com/pulzo/status/1922931299251028448,1,"¬øCu√°ntos metros tiene que haber de una droguer√≠a a otra en Colombia?
https://t.co/QhqLXdl4mT
https://t.co/QhqLXdl4mT",5.0,success
https://t.co/7SKYIZTeDM,https://twitter.com/infobae/status/1922898489647788163,1,"¬øCu√°nto gan√≥ Kevin Costner con cada episodio de ‚ÄúYellowstone‚Äù? | Por Ester Palomino
https://t.co/xRQcvmJRnw",1.0,success
https://t.co/n3e0puKtaZ,https://twitter.com/larazon_es/status/1922898553883541746,1,"#LoM√°sLe√≠do üì∞ Si estoy en un sem√°foro ¬øtengo que poner la ""N"" en la caja de cambios de mi coche autom√°tico? https://t.co/TJpPoTRIhj",2.0,success
https://t.co/l9GPTM4JxE,https://twitter.com/AztecaDeportes/status/1922883626720477229,1,"Sergio Ramos se va de M√©xico, as√≠ lo revela un video que circula en redes este mi√©rcoles. 

Los detalles: https://t.co/A1AZZeLGv3",3.0,success
https://t.co/FHvkgjwsTL,https://twitter.com/elEconomistaes/status/1922884906826256890,1,"La planta desconocida que aporta calcio, ayuda a regular la presi√≥n arterial y combate el h√≠gado graso https://t.co/tU8BwxycOe",4.0,success
https://t.co/NmG0BirZK8,https://twitter.com/Lecturas/status/1922766376625742098,1,Bea Gimeno y Nacho Arag√≥n desvelan si el beb√© que esperan es ni√±o o ni√±a: este es el nombre con tradici√≥n familiar que han escogido https://t.co/Ua4f6Zk3lV,5.0,success
https://t.co/0FagQkIJOt,https://twitter.com/mundodeportivo/status/1922755162013127121,1,"üö® Ferran Torres, operado de urgencia

https://t.co/MMVW98M5l2",1.0,success
https://t.co/OpmhTm8rfm,https://twitter.com/A3Noticias/status/1922751529158656403,1,"Gwyneth Paltrow ha revelado qu√© es lo que m√°s le ha sorprendido de trabajar con Timoth√©e Chalamet en Marty Suprem

V√≠a @objetivotv https://t.co/7fsXwG1m8G",2.0,success
https://t.co/X2cSUPpHn3,https://twitter.com/ahorrandoclick1/status/1922752029534876062/photo/1,1,Torrente https://t.co/X2cSUPpHn3,3.0,success
https://t.co/YQ7EJTmmR9,https://twitter.com/libertaddigital/status/1922751563077992569,1,La sorprendente decisi√≥n del entrenador de Osasuna en plena lucha por Europa https://t.co/FAtuTtWQKU https://t.co/xM1B0vMUTT,4.0,success
https://t.co/iOJVqoBDeR,https://twitter.com/libertaddigital/status/1922744696876487030,1,"El cofundador de las gu√≠as de viaje Lonely Planet revela los pa√≠ses a los que no piensa volver: ""Lo siento, pero no"" https://t.co/l7MJNSZkf4 https://t.co/Oz8ltLmy2J",5.0,success
https://t.co/vcyNTMHIEJ,https://twitter.com/elEconomistaes/status/1922574912209785142,1,"üëã Adi√≥s a practicar sexo en el coche: esta es la multa que te puede llegar a casa si te pillan
https://t.co/H40HAu3oze",1.0,success
https://t.co/AiVEOHsY1h,https://twitter.com/ahorrandoclick1/status/1922655155247345703/photo/1,1,Port Aventura tendr√° un desfile para cerrar cada d√≠a. https://t.co/AiVEOHsY1h,2.0,success
https://t.co/eYD0x4lvyh,https://twitter.com/okdiario/status/1922597738136441147,1,As√≠ es por dentro el impresionante palacete de Jordi Hurtado en Barcelona https://t.co/DBDXUxPEBV,3.0,success
https://t.co/AM8FOz5nmw,https://twitter.com/HerreraenCOPE/status/1922581782597177838,1,"üòØ Va de compras a un centro comercial de Logro√±o, se le cae una bolsa y su contenido deja sin palabras al equipo de seguridad 

‚ñ∂ El incidente tuvo lugar en uno de los centros comerciales m√°s concurridos de Logro√±o

https://t.co/qyWjtKRXvX",4.0,success
https://t.co/il1ihJVuum,https://twitter.com/La_SER/status/1922581469395869719,1,"Un dilema muy com√∫n en las cocinas: este es el mejor papel para conservar el queso en casa

https://t.co/xu49GjsJz2",5.0,success
https://t.co/lofSOESWtX,https://twitter.com/Hipertextual/status/1922581428908265595,1,"DIGI, Vodafone y Orange, claudican: est√°n revelando tu direcci√≥n y tu nombre si usas IPTV a LaLiga https://t.co/mKrUVe2BGG",1.0,success
https://t.co/2zpBl3Q3di,https://twitter.com/solomoto_es/status/1922537974694040023,1,"Decathlon lo confirma: pone a la venta lo que ser√° obligatorio en Espa√±a a partir del 1 de enero de 2026 #DGT 

https://t.co/CuSrdESGk2",2.0,success
https://t.co/kuMjMjaQVl,https://twitter.com/espinof_com/status/1922555387393323085,1,'El Eternauta' est√° arrasando pero no ha conseguido ser la serie n√∫mero 1 mundial de Netflix. Hay otra que lleva dos semanas seguidas en lo m√°s alto  https://t.co/5gDBopOmKT,3.0,success
https://t.co/i1aKK3PXBW,https://twitter.com/ahorrandoclick1/status/1922559489669992953/photo/1,1,Ha muerto su fisio y amigo Fabrizio Borra https://t.co/i1aKK3PXBW,4.0,success
https://t.co/HxECoi3whi,https://twitter.com/computerhoy/status/1922554382572208445,1,Un grupo anti-Elon Musk enfrenta un Tesla contra un tanque y el resultado no es el que esperaban https://t.co/cEQwB2GPnG,5.0,success
https://t.co/ofom2z5hVB,https://twitter.com/RedMasNoticias/status/1922547686571376751,1,La verdad de la salud de Luis D√≠az: la historia desconocida del futbolista del Liverpool y la Selecci√≥n Colombia https://t.co/TsmeBfetbL,1.0,success
https://t.co/nTYL86x3Fr,https://twitter.com/AztecaDeportes/status/1922485585031106818,1,"Demichelis lo ignor√≥, hoy los aficionados lo aman y lo quiere el Manchester Unitedüî•‚öΩ

https://t.co/MjLd3InWkY",2.0,success
https://t.co/M55DkFUOU6,https://twitter.com/elcomerciocom/status/1922383970882228324,1,Esto se sabe sobre los rumores de Piero Hincapi√© al Real Madrid. üí•üëâ https://t.co/m0WqC3lQ55 #F√∫tbol https://t.co/Yvy59mhCms,3.0,success
https://t.co/NbwQzVXYZw,https://twitter.com/TUDNMEX/status/1922423476394078357,1,"¬°El elegido! ‚úÖüêê Chivas toma decisi√≥n sobre su pr√≥ximo director t√©cnico

üéôÔ∏èInformaci√≥n de @_ericklo 

https://t.co/SRg2l2ziX1

#LigaMX I #Chivas I #Futbol",4.0,success
https://t.co/f1N7TAGs05,https://twitter.com/RevistaSemana/status/1922416268927185171,1,"#Deportes | Carlo Ancelotti causa temor: llam√≥ a gloria de Brasil para ser su asistente rumbo al Mundial 2026
https://t.co/mJptQQ1qU8",5.0,success
https://t.co/wof1NAVCJ2,https://twitter.com/edatvoficial/status/1922510992421896510,1,"üì∞ | Este es el 'sueldazo' de Javier Ruiz que usa la televisi√≥n p√∫blica para insultar

https://t.co/zYZvSLVU1a",1.0,success
https://t.co/F70JDw51n6,https://twitter.com/AztecaDeportes/status/1922517227200512355,1,"Fracas√≥ en la Liga MX, no gan√≥ ning√∫n t√≠tulo, pero ahora puede dirigir al Leverkusen de Xabi Alonso üî•üòé

https://t.co/pOeIphKidv",2.0,success
https://t.co/IxupBApl1F,https://twitter.com/VandalOnline/status/1922197526754509173,1,Una estrella de 'The Big Bang Theory' lo admite: s√≥lo puede ver la serie sin sonido porque su actuaci√≥n es horrible https://t.co/6gGYevX6u2,3.0,success
https://t.co/pKmUyV8pCj,https://twitter.com/La_SER/status/1922167189416656915,1,‚öΩManu Carre√±o se√±ala el primer gran reto de Xabi Alonso con Mbapp√©: no lo han conseguido ni Luis Enrique ni Ancelotti https://t.co/h5sDtVevBj,4.0,success
https://t.co/CVRTeHFdue,https://twitter.com/eldesmarque/status/1921991985625227489,1,La comida favorita de Mbapp√© desde que vive en Espa√±a.,5.0,success
https://t.co/4rwfGM0FC5,https://twitter.com/elmundoes/status/1921988746565579111,1,¬øCu√°nto tiempo le queda al Universo? Los cient√≠ficos adelantan dr√°sticamente la fecha de su final https://t.co/BmX8PTPxV2,1.0,success
https://t.co/uRh6N6eqiW,https://twitter.com/ELTIEMPO/status/1922056694450028898,1,"Le√≥n XIV confirma su visita a este pa√≠s al que Francisco planeaba ir antes de morir: ser√≠a su primer viaje oficial üîΩ
https://t.co/n0MBGs7vHw",2.0,success
https://t.co/dUEzAvoV02,https://twitter.com/NoticiasCaracol/status/1921894373437972670,1,"Este es el electrodom√©stico que dispara el recibo de la luz: no es ni el horno ni la lavadora

https://t.co/jXJi1VoHR3",3.0,success
https://t.co/FIT5Kh3PoM,https://twitter.com/okdiario/status/1921824326883455385,1,Comunicado de Roberto Brasero por el giro radical que est√° a punto de llegar: ¬´La semana que viene‚Ä¶¬ª https://t.co/rrNSUBhJAn,4.0,success
https://t.co/za8kxcNScG,https://twitter.com/okdiario/status/1921793603275268173,1,Buenas noticias si tienes hijos peque√±os: te van a dar 2.400 ‚Ç¨ por cada uno por hacer s√≥lo esto https://t.co/SHVSQ6Cgge,5.0,success
https://t.co/QZwoTJBjEE,https://twitter.com/okdiario/status/1921808280810103263,1,Entradas para la final de la Conference League entre Betis y Chelsea: precios y c√≥mo comprarlas https://t.co/qdeY6AonjQ,1.0,success
https://t.co/dEHs4xTJwh,https://twitter.com/okdiario/status/1921816078885265630,1,Adi√≥s a la indemnizaci√≥n: esta es la jugada maestra de algunas empresas para no darte ni un duro https://t.co/lE7p49VgMJ,2.0,success
https://t.co/UNnGmjwy34,https://twitter.com/okdiario/status/1921808291044233513,1,El Gobierno lo confirma: jubilaci√≥n anticipada cobrando el 100% de la pensi√≥n si cumples √©ste requisito https://t.co/hrt9FYPoA3,3.0,success
https://t.co/w4HNClcGb7,https://twitter.com/TUDNMEX/status/1921757255302598924,1,"üí£Revelan futuro de Andr√©s Guardado en M√©xicoüí£ 

https://t.co/N084LekzEX

#ClubLeon I #NuestraLiguilla I #Guardado https://t.co/oesv6NdPVB",4.0,success
https://t.co/YPmBuBBtYm,https://twitter.com/MundoEConflicto/status/1921617671046545863,1,‚ö†Ô∏è Alerta por un apag√≥n masivo mundial: qui√©nes ser√≠an los usuarios afectados. https://t.co/Xth4muI4B9,5.0,success
https://t.co/pyljUnuG6w,https://twitter.com/WRadioColombia/status/1921714689127412171,1,"#Tendencias | ¬øEs permitido fumar en zonas comunes de un conjunto o edificio? Ley Propiedad¬†Horizontal
https://t.co/uGVaa8u6WI",1.0,success
https://t.co/KmpJbXEmTz,https://twitter.com/NoticiasCaracol/status/1921701859015946460,1,"#Mundo | Importante marca de helados se retira del mercado tras 98 a√±os de historia: se oficializa en quiebra

https://t.co/CD5kEIQLHb",2.0,success
https://t.co/eQrLQOJmKv,https://twitter.com/ahorrandoclick1/status/1921811844924153998/photo/1,1,No quiere volver a su pa√≠s y se pone a llorar. Lo de meter a Mercadona de forma gratuita ya sab√©is porqu√© lo hacen... https://t.co/eQrLQOJmKv,3.0,success
https://t.co/ZcoobCOHhw,https://twitter.com/okdiario/status/1921492260333437309,1,El sorprendente lugar elegido para la comida de directivos del Cl√°sico: no es un restaurante com√∫n https://t.co/Ldixa3ogEf,4.0,success
https://t.co/HNIc7yopGr,https://twitter.com/portalmvd/status/1921491077413962022,1,Lo cambia todo: cient√≠ficos descubren un animal capaz de sobrevivir sin ox√≠geno https://t.co/SUkjknrYDV,5.0,success
https://t.co/fSVUVdQdux,https://twitter.com/MundoEConflicto/status/1921319369109307500,1,"üáªüá¶ Revelan el curioso apodo del papa Le√≥n XIV cuando viv√≠a en Per√∫: ""Incluso los obispos lo llamaban..."". https://t.co/IgOBYBFXfa",1.0,success
https://t.co/ecclcBgY6d,https://twitter.com/AlfaBetaJuega/status/1921199973514850727,1,"La Velada del A√±o VI confirma su primer artista invitado tras la quedada de Ibai y Bad Bunny
           https://t.co/dPliYz2bt0",2.0,success
https://t.co/BXZCxkqVL4,https://twitter.com/DiarioSUR/status/1921172546990297360,1,üí∞ Cae considerablemente este s√°bado el precio de la luz: estas son las horas en las que estar√° mas barata. ‚úç @ErButanoVerde https://t.co/xC88k1iAq4,3.0,success
https://t.co/nDWhm7XEGb,https://twitter.com/elmundoes/status/1920906084602032301,1,Una nave sovi√©tica impactar√° contra la Tierra este fin de semana de forma descontrolada: ¬ød√≥nde y cu√°ndo caer√°?https://t.co/nA8BcIaUN7,4.0,success
https://t.co/gwTL2yuinU,https://twitter.com/AztecaDeportes/status/1920888002840019021,1,"¬øAdi√≥s apellido? üò±

El nuevo nombre que usar√° Santiago Gimenez en su playera del AC Milan üá≤üáΩ

https://t.co/4wIhW8i97a",5.0,success
https://t.co/oBLGcoKUNK,https://twitter.com/todonoticias/status/1920840351473922299,1,"Cu√°l es la forma correcta de colgar el papel higi√©nico, seg√∫n quien registr√≥ la patente en 1891 https://t.co/x1Gq3wkMFM",1.0,success
https://t.co/guVMyswCdM,https://twitter.com/todonoticias/status/1920916155130073143,1,Se conoci√≥ el trabajo que acept√≥ Luciana Salazar para pagar sus deudas https://t.co/Mclrsn4PUc,2.0,success
https://t.co/rzfcWs2xv5,https://twitter.com/NoticiasRCN/status/1921014258936000837,1,"#Tendencias| üò±üò® Karol G, en medio de l√°grimas, confes√≥ que padece un serio problema. Este fue su duro relato ‚¨áÔ∏è. https://t.co/Ka24Cttxju",3.0,success
https://t.co/OBGdbBO7bY,https://twitter.com/RevistaSemana/status/1920520174488223927,1,"#Naci√≥n | El poderoso exsenador que entrega √≥rdenes pol√≠ticas en Soledad: ‚ÄúHasta los concejales le tienen miedo‚Äù.
https://t.co/pyGdY11oev",4.0,success
https://t.co/MDs9jpPiJM,https://twitter.com/todonoticias/status/1920796033816175021,1,La exnovia de Alfa ventil√≥ el problema que el ex Gran Hermano sufre en la cama y lo arruin√≥ https://t.co/gyIJV5GcHO,5.0,success
https://t.co/k0kgYJ47nv,https://twitter.com/larazon_es/status/1920775752816992621,1,"üá™üá∏ La embajada m√°s antigua del mundo es espa√±ola.

üìå Se trata de uno de los edificios m√°s emblem√°ticos que existen y que cuenta con cientos de a√±os de historia

Cu√°ndo se fund√≥ y en qu√© ciudad se encuentra ‚¨áÔ∏è

https://t.co/aiTBiGNMvL",1.0,success
https://t.co/b88Y3LLwWB,https://twitter.com/NoticiasNavarra/status/1920759762741874883,1,¬øEs obligatorio llevar la pegatina medioambiental en el coche? Esto es lo que dice la DGT https://t.co/FA72Axq51S,2.0,success
https://t.co/W0IYac2TIK,https://twitter.com/lavozdealmeria/status/1920743357652914547,1,"La protagonista de '[REC]' tambi√©n ha podido visitar Casa Puga y pasear por el Museo de Realismo Espa√±ol Contempor√°neo.
https://t.co/SZdokULEYE",3.0,success
https://t.co/EiL9wx9nnF,https://twitter.com/La_SER/status/1920743445737390478,1,"ü§≥ El mensaje de WhatsApp que Le√≥n XIV envi√≥ 12 minutos antes de entrar al c√≥nclave
https://t.co/RMfN4W4RYi",4.0,success
https://t.co/m1cZ4HQLCp,https://twitter.com/elpaiscali/status/1920743572195705192,1,"üëâConozca los n√∫meros que podr√≠an llevarse el premio mayor, seg√∫n la IA https://t.co/J8WyytSJdH https://t.co/WAMy2UCPPG",5.0,success
https://t.co/khqrm4294H,https://twitter.com/ahorrandoclick1/status/1920743681084026885/photo/1,1,Horizonte final https://t.co/khqrm4294H,1.0,success
https://t.co/dPN8U9yUSf,https://twitter.com/quediario/status/1920719962898829651,1,La DGT intensifica sus controles: multas de hasta 500 euros para quienes hagan esto https://t.co/ipfCGtNV0V,2.0,success
https://t.co/krEBFa2fl2,https://twitter.com/quediario/status/1920719966287868371,1,Luis Enrique se encapricha de un jugador del Real Madrid https://t.co/99LTVkaGSh,3.0,success
https://t.co/gfoE3jJZ38,https://twitter.com/mundodeportivo/status/1920715354403127460,1,"üßê Mensaje claro al Real Madrid por Mastantuono

https://t.co/BXCaBbWPaO",4.0,success
https://t.co/cIBwxdGXBK,https://twitter.com/ahorrandoclick1/status/1920713212615438388/photo/1,1,"Eduardo Inda, el periodista de Hacendado. https://t.co/cIBwxdGXBK",5.0,success
https://t.co/EzyBcHY9Bs,https://twitter.com/okdiario/status/1920706538127184228,1,Cierre masivo de las cuentas del banco en Espa√±a: lo que nos espera en mayo https://t.co/8Rlvnka0a0,1.0,success
https://t.co/b7nK0OwWIh,https://twitter.com/ahorrandoclick1/status/1920711957339951187/photo/1,1,Su novio estaba viendo un partido en el m√≥vil y se le cortaba todo el rato la emisi√≥n. https://t.co/b7nK0OwWIh,2.0,success
https://t.co/iIixjNHbm2,https://twitter.com/La_SER/status/1920709262679929246,1,"Valeria Castro se√±ala lo que le falta a su disco: ""Es la primera vez que lo digo p√∫blicamente""

https://t.co/N4J4kBGqkS",3.0,success
https://t.co/mLPf54QmrZ,https://twitter.com/CaracolRadio/status/1920681861090509141,1,"#Destinos | Seg√∫n IA: Este es el mejor barrio para vivir en Bogot√°; es tranquilo, comercial y seguro
https://t.co/vF8CgWsnA4",4.0,success
https://t.co/d0tlsvyCjm,https://twitter.com/ahorrandoclick1/status/1920710154464477486/photo/1,1,El nuevo Papa es de Chicago... https://t.co/d0tlsvyCjm https://t.co/3PknVeTNiw,5.0,success
https://t.co/3PknVeTNiw,https://twitter.com/todonoticias/status/1920616206211399779,1,"El inesperado gui√±o en las redes de la China Su√°rez al nuevo papa, Le√≥n XIV https://t.co/0o5VwAfF7s",1.0,success
https://t.co/oLLCJnn4Nz,https://twitter.com/elmundoes/status/1920377739099431188,1,"Mar√≠a Escario alza la voz contra La familia de la tele y RTVE con solo una palabra y un tuit 

‚úçÔ∏è Esther Mucientes https://t.co/vnSAIS44xl",2.0,success
https://t.co/tpZicvzYgN,https://twitter.com/mundodeportivo/status/1920380071283482648,1,"üí¨ ""Guardiola no me dice... 'oye, que te arrastras por el campo'""

https://t.co/bJO4kqeizI",3.0,success
https://t.co/b9C9I8AeQZ,https://twitter.com/ahorrandoclick1/status/1920380493624656122/photo/1,1,Un d√©cimo de loter√≠a premiado con 24 millones de d√≥lares. https://t.co/b9C9I8AeQZ,4.0,success
https://t.co/Ufvcled0gm,https://twitter.com/AS_TikitakAS/status/1920363056355295705,1,"üëâUn cardi√≥logo se√±ala la fruta indispensable para consumir durante la noche para no tener dificultades para dormir

üó£Mejora la cantidad y la calidad del sue√±o

https://t.co/Ob5Vo6Lgxr",5.0,success
https://t.co/ec63tzkgI5,https://twitter.com/larepublica_pe/status/1920362529454211414,1,"ü§îüëáSolo este pa√≠s de Am√©rica Latina no celebra el D√≠a de la Madre en mayo: conoce por qu√© motivo y en qu√© mes se conmemora

En Per√∫, la festividad del D√≠a de la Madre se celebra el segundo domingo de mayo, que en 2025 ser√° el 11 de mayo.
https://t.co/OvFAcSVFjx",1.0,success
https://t.co/31pk8gFcWS,https://twitter.com/eldesmarque/status/1920360725664424054,1,"Ronald Araujo toma una medida dr√°stica en redes ante las cr√≠ticas recibidas por la eliminaci√≥n en Champions

https://t.co/BkX3pXzLCB",2.0,success
https://t.co/c6ZKgCiVoH,https://twitter.com/sdpnoticias/status/1920337866905038926,1,"üé¨üí∞ ¬°@starwars perdi√≥ su trono! Una nueva pel√≠cula acaba de convertirse en la m√°s cara de la historia ü§ëüé• Su presupuesto super√≥ los millones de El Despertar de la Fuerza ¬øAdivinas cu√°l es?
#StarWars #Cine #Hollywood #CienciaFicci√≥n #Taquilla

https://t.co/vvT8wINzjQ",3.0,success
https://t.co/wuaxtuJ7hz,https://twitter.com/quediario/status/1920340022919577741,1,La IA sentencia: este es el supermercado m√°s caro de Espa√±a https://t.co/AKagFHbLQ0,4.0,success
https://t.co/hZVmX1A5rb,https://twitter.com/larazon_es/status/1920340396653109569,1,Adi√≥s a la secadora: el m√©todo holand√©s para secar la ropa en tiempo r√©cord https://t.co/QIM8r3CLJu,5.0,success
https://t.co/FQD98C7Dtk,https://twitter.com/AztecaDeportes/status/1920341413046124732,1,"¬°OFICIAL! üí•

Pumas anuncia OTRA BAJA tras ser eliminados del Clausura 2025. üêæ

https://t.co/n2pXHqIt41",1.0,success
https://t.co/aSiKw6kzJL,https://twitter.com/ahorrandoclick1/status/1920081291262775333/photo/1,1,Matt Damon https://t.co/aSiKw6kzJL,2.0,success
https://t.co/BinwuCDXv6,https://twitter.com/voz_populi/status/1920044578125553753,1,"Mart√≠nez-Almeida confirma cu√°ndo sale de cuentas Teresa Urquijo y desvela sus planes tras ser padre 

En @DolceVita_vp 

https://t.co/duCVuXtZQ6",3.0,success
https://t.co/GWrLVLXKBD,https://twitter.com/tjcope/status/1920039558961377419,1,"üëâ David S√°nchez se√±ala al culpable de la eliminaci√≥n del Barcelona ante el Inter

üò† ""Es √©l...""

https://t.co/P9E328K333",4.0,success
https://t.co/NeiuBznVv0,https://twitter.com/larepublica_pe/status/1919988063700451421,1,"üòÑüëÄ Peruano compr√≥ caja misteriosa de Temu valorizada en S/500 y qued√≥ en shock al abrirlo: ""Cumpli√≥ con sorprenderme""

Hombre pensaba recibir un smartwatch u otro objeto similar; sin embargo, no era lo que esperaba. 
https://t.co/GGVfR6zBlP",5.0,success
https://t.co/PK0ysnc8Lq,https://twitter.com/ahorrandoclick1/status/1919883486954971222/photo/1,1,Madrid https://t.co/PK0ysnc8Lq https://t.co/tecEpuDkEp,1.0,success
https://t.co/tecEpuDkEp,https://twitter.com/TheObjective_es/status/1919867378642407660,1,"La nueva Fontana di Trevi se podr√° ver en esta capital el 30 de junio, y no es Roma.

https://t.co/SaD4BHzEB1",2.0,success
https://t.co/5InRYGxmGt,https://twitter.com/ahorrandoclick1/status/1919882919222337946/photo/1,1,"Leyenda de los banquillos, pero no dice de cu√°les: https://t.co/5InRYGxmGt https://t.co/of96EMrUQ0",3.0,success
https://t.co/of96EMrUQ0,https://twitter.com/elconfidencial/status/1919835672694665674,1,"Una leyenda de los banquillos habla sobre Lamine Yamal: ""En Italia nunca jugar√≠a"" https://t.co/PzsUQUgLFC",4.0,success
https://t.co/dxr6oMgVSi,https://twitter.com/ahorrandoclick1/status/1919760136580550996/photo/1,1,Singapur https://t.co/dxr6oMgVSi,5.0,success
https://t.co/MmrNIKZLjV,https://twitter.com/sport/status/1919750245472248288,1,"Esta ser√° la final de la Champions 2025 seg√∫n Opta üíªüòÆ

üëáLa inteligencia artificial ya ha dictado sentencia para las 'semis'

https://t.co/azIDWWpnIp",1.0,success
https://t.co/1bvq1qEqMj,https://twitter.com/okdiario/status/1919695242585866306,1,"Parecen ‚Äònuggets‚Äô de pollo, pero este manjar s√≥lo se lo comen en Madrid, y en el resto de Espa√±a da arcadas https://t.co/Hi1TZcsrXx",2.0,success
https://t.co/hu6aTmGKXL,https://twitter.com/elEconomistaes/status/1919695322814587227,1,El fin de una era en el sector inmobiliario: este es el cl√°sico elemento que desaparece de las ventanas https://t.co/jUptnbzfUq,3.0,success
https://t.co/ZKtcICukc4,https://twitter.com/ahorrandoclick1/status/1919692271579955487/photo/1,1,Han renovado el contrato del programa. https://t.co/ZKtcICukc4,4.0,success
https://t.co/VQLyvsr2ki,https://twitter.com/LANACION/status/1919668249748230654,1,Redes sociales. La inesperada decisi√≥n de padres que empieza a sumar adeptos https://t.co/Z7Kpzi649U https://t.co/hKFQO2iYpv,5.0,success
https://t.co/NhTUIYsC1n,https://twitter.com/okdiario/status/1919663940306399381,1,"Ni Puleva ni Pascual: Se destapa la empresa que fabrica la leche semidesnatada y entera de la marca Hacendado de Mercadona

https://t.co/Jr5b7vl2GL",1.0,success
https://t.co/wMp9eGbsI0,https://twitter.com/futbolred/status/1919664071650996276,1,"¬øCu√°l es el t√©cnico de f√∫tbol mejor pagado en Colombia?
 https://t.co/nLMQWzyW5q",2.0,success
https://t.co/nddi89XLxD,https://twitter.com/navedelmisterio/status/1919649335584677933,1,"Mediaset Espa√±a da ""luz verde"" a Iker Jim√©nez para llevar a cabo uno de sus planes m√°s ambiciosos https://t.co/wVmearupab",3.0,success
https://t.co/M9zSpRGkN1,https://twitter.com/nacion/status/1919462057360978068,1,Bad Bunny regresa en concierto a Costa Rica... este ser√° el d√≠a del show https://t.co/RIpk38NgMH,4.0,success
https://t.co/Mp5FUrC1Ih,https://twitter.com/elcomerciocom/status/1919478816554012690,1,"Con su gira mundial, el 'Conejo Malo' visitar√° hasta Jap√≥n üíîüëá
https://t.co/FIH9vfH6Ps https://t.co/QN1giKZ6zz",5.0,success
https://t.co/gtCIXtdBzN,https://twitter.com/WinSportsTV/status/1919523741362512094,1,Error: No se encontr√≥ el tweet,1.0,no_data
https://t.co/icswgkjDhx,https://twitter.com/marca/status/1919295778608013736,1,"ü§® Guardiola revela el nombre del rival m√°s duro de su carrera... y no es Mourinho: ""Me dio dolores de cabeza y me destroz√≥"" https://t.co/xrAqoe3N0S",2.0,success
https://t.co/DlJ4KKWobb,https://twitter.com/lanuevaespana/status/1919348029565305076,1,El men√∫ que la reina Letizia y la princesa Leonor degustaron tras su encuentro en Panam√°: una muestra de la gastronom√≠a del lugar con opciones vegetarianas  https://t.co/FVR60iWqfZ,3.0,success
https://t.co/gE0xcg5gYf,https://twitter.com/Hipertextual/status/1919304847788040502,1,Olv√≠date de volver a usar este programa en tu ordenador Windows: cierra hoy para siempre tras 22 a√±os https://t.co/kBNTRFGKdT,4.0,success
https://t.co/RXwftBw5b5,https://twitter.com/elEconomistaes/status/1919345075248566337,1,"Robo de cable en Renfe: esto es lo que vale un kilo de cobre en Espa√±a hoy si se vende chatarra
https://t.co/t4tw5LJMmw",5.0,success
https://t.co/BMlpNuBB5z,https://twitter.com/Los40/status/1919345082517332472,1,üòåüé§ @chanelterrero  ya tiene fecha de lanzamiento del sencillo que marcar√° su nueva era  https://t.co/5bbqCET2pO,1.0,success
https://t.co/OX5eU2gEPU,https://twitter.com/abc_es/status/1919150044625719692,1,"‚ö† La fecha del pr√≥ximo apag√≥n en Espa√±a, seg√∫n la inteligencia artificial ‚§µ https://t.co/Gt5h6pqniQ",2.0,success
https://t.co/6TDWeVbeHH,https://twitter.com/nortecastilla/status/1919286399699685467,1,Alerta amarilla por tormentas‚õà en tres provincias de Castilla y Le√≥n https://t.co/ijNL0W1COu,3.0,success
https://t.co/g96VQZsPhv,https://twitter.com/larazon_es/status/1919274670043382022,1,#LoM√°sLe√≠do üì∞ La palabra con la que el ministro √ìscar Puente ha definido a Fernando Alonso: no todos la entienden https://t.co/X1aTuRvOtF,4.0,success
https://t.co/kmY34YSttQ,https://twitter.com/RevistaSemana/status/1919136246040781302,1,"#Deportes | As√≠ reaccion√≥ Harry Kane tras ganar el primer t√≠tulo de su carrera: video de lo que hizo es viral
https://t.co/hezlGQFmdG https://t.co/LSNhaFPp5I",5.0,success
https://t.co/vUaP58c0fV,https://twitter.com/okdiario/status/1919089833684734358,1,Ni cocido ni potaje: el guiso t√≠pico de Extremadura y Castilla que lleva un ingrediente no apto para aprensivos https://t.co/LfwuVZkrMK,1.0,success
https://t.co/07Wm8dIhMq,https://twitter.com/mundodeportivo/status/1919010046085583241,1,"Ferran Adri√† confiesa la frase que le dijo Xavi Hern√°ndez hace a√±os y que no ha podido sacarse de la cabeza

https://t.co/s3hWIANmdp",2.0,success
https://t.co/oRidTdGBtD,https://twitter.com/elcorreoweb/status/1918949041250939043,1,"üêéüíÉAplazada la Exhibici√≥n de Enganches en la Maestranza por el mal tiempo: esta es su nueva fecha

https://t.co/5Sx2jJRYaO",3.0,success
https://t.co/K3psaqc8rh,https://twitter.com/NoticiasCaracol/status/1918530964260790718,1,"#Mundo | Importante marca de helados se retira del mercado tras 98 a√±os de historia: se oficializa en quiebra

https://t.co/CD5kEIQLHb",4.0,success
https://t.co/jUFaqNpMa9,https://twitter.com/A24COM/status/1918668914076107049,1,"PROFUNDA TRISTEZAüòî

Conmoci√≥n: muri√≥ un reconocido actor de Son Amores y Los Rold√°n
https://t.co/ekd30Mug1q",5.0,success
https://t.co/L4Q7a1rLwy,https://twitter.com/ahorrandoclick1/status/1918775384436277361/photo/1,1,Juzgad vosotros. https://t.co/L4Q7a1rLwy https://t.co/uVPUWyCtQF,1.0,success
https://t.co/uVPUWyCtQF,https://twitter.com/elcolombiano/status/1918511680692138423,1,"Seg√∫n ChatGPT, la m√∫sica refleja qui√©nes somos y nuestros gustos revelan rasgos psicol√≥gicos; hay un g√©nero que prefieren las personas con mayor inteligencia. ¬øEs el suyo? Ent√©rese aqu√≠ ‚¨áÔ∏è #Entretenimiento
https://t.co/DXHqt0I9XQ",2.0,success
https://t.co/wXjEE8RfYg,https://twitter.com/eldiarioes/status/1918679442152436112,1,"La verdadera casa donde Cervantes escribi√≥ 'El Quijote' est√° en este lugar de Espa√±a
https://t.co/IMHPhxgySN",3.0,success
https://t.co/Y7ThqbOiq6,https://twitter.com/eldiarioes/status/1918656790754996426,1,"El plato t√≠pico malague√±o de origen humilde que puedes hacer con solo tres ingredientes
https://t.co/DVQdMnYFg9",4.0,success
https://t.co/KVsLAAVDzY,https://twitter.com/ahorrandoclick1/status/1918609850373693915/photo/1,1,A partir de ma√±ana https://t.co/KVsLAAVDzY,5.0,success
https://t.co/TTddLfbkl5,https://twitter.com/laverdad_es/status/1918591397738721322,1,Consigue 60 euros extra en la Declaraci√≥n de la Renta por este dispositivo que probablemente tienes instalado en casa  https://t.co/1TfNWMSnY2,1.0,success
https://t.co/qbmGvXp04V,https://twitter.com/ahorrandoclick1/status/1918545290014982650/photo/1,1,Absurdo https://t.co/qbmGvXp04V,2.0,success
https://t.co/eRYuIhjCno,https://twitter.com/La_SER/status/1918318606045077710,1,"La prensa brit√°nica pone el foco en esta ""encantadora"" ciudad espa√±ola: ""Una joya esperando ser explorada""

https://t.co/epTjAIlRxH",3.0,success
https://t.co/HmHK2m5YJD,https://twitter.com/VandalOnline/status/1918196169898918030,1,'Colgu√© el tel√©fono': Jeremy Renner rechaz√≥ hacer la temporada 2 de 'Ojo de Halc√≥n' en Disney+ por este motivo y critica al UCM https://t.co/To41DUeOKA,4.0,success
https://t.co/j4ZKtfAqse,https://twitter.com/ahorrandoclick1/status/1918196307019092458/photo/1,1,"El largo r√≠o de las almas, en Movistar https://t.co/j4ZKtfAqse",5.0,success
https://t.co/tk4JnrGqHl,https://twitter.com/ComuniateEs/status/1917954207312744848,1,"Parte m√©dico oficial y tiempo de baja de Kound√© @fantasyyencasa #LALIGAFANTASY #Biwenger #LaLiga #Futbol #Comunio #LaLiga

 üëá Ampliar informaci√≥n üëá

 https://t.co/KM1hoJL0PT",1.0,success
https://t.co/y3x2pmQFNz,https://twitter.com/infobaemexico/status/1917944880300757096,1,Lupita TikTok ya pudo ver a su hija tras hospitalizaci√≥n; esto revel√≥ sobre su estado de salud https://t.co/hdxWA5BoZH,2.0,success
https://t.co/gVASqAGzdO,https://twitter.com/RuedaPedal/status/1917835000579317860,1,Alejandro Valverde nombra a su sucesor: ‚ÄúEl ciclista espa√±ol que m√°s se parece a m√≠ es ‚Ä¶.‚Äù La leyenda del ciclismo espa√±ol tiene claro qui√©n es el ciclista que m√°s se parece a √©l y m√°s triunfos le va a dar al ciclismo espa√±ol en los pr√≥ximos a√±os.üòçüí™üëç https://t.co/9M78XSQNv4 https://t.co/EMcw5gZLvR,3.0,success
https://t.co/OxkmjOhSW6,https://twitter.com/sport/status/1917922043938382283,1,Error: No se encontr√≥ el tweet,4.0,no_data
https://t.co/vMbhCg4rrY,https://twitter.com/AS_TikitakAS/status/1917895220533846343,1,"üòí El pol√©mico regalo de Donald Trump a su esposa Melania por su 55 cumplea√±os

üëã ‚ÄúEstaba muy ocupado‚Äù

https://t.co/nXXiDfUZug",5.0,success
https://t.co/k71kYYuv8A,https://twitter.com/cuatro/status/1917828839515861218,1,"Lourdes Montes comunica una noticia relacionada con su posparto, d√≠as despu√©s de dar a luz a Nicol√°s https://t.co/Pt9AQQZp8x",1.0,success
https://t.co/wXOWxGGMf4,https://twitter.com/la_patilla/status/1917828932465815806,1,La estrella del Real Madrid que analiza su posible salida tras los √∫ltimos resultados https://t.co/qwOYxZNH8Q +.,2.0,success
https://t.co/y9vS0QoCRJ,https://twitter.com/larazon_es/status/1917830152173560065,1,#LoM√°sLe√≠do üì∞ El electrodom√©stico que consume tanta energ√≠a como 65 frigor√≠ficos encendidos al mismo tiempo https://t.co/vsIn4GqAJ4,3.0,success
https://t.co/i8Zwl9tJfb,https://twitter.com/ahorrandoclick1/status/1917831288402137233/photo/1,1,Le baj√≥ el colesterol https://t.co/i8Zwl9tJfb,4.0,success
https://t.co/79aFaw0x3Q,https://twitter.com/La_SER/status/1917692941587395043,1,"üõí El producto m√°s vendido tras el gran apag√≥n: ""Nos hemos quedado sin existencias"" https://t.co/FpvWjV6Dtq",5.0,success
https://t.co/aBYusIDvRB,https://twitter.com/heraldoes/status/1917696112749695127,1,"Ya se sabe la fecha de estreno de 'Traitors', con el Monasterio de Piedra y otros enclaves de Arag√≥n como protagonistas https://t.co/2G1Z8l5GaB",1.0,success
https://t.co/W2hq9OjSb1,https://twitter.com/eldebate_com/status/1917696721611600033,1,‚òî Estas son las zonas con menos probabilidad de lluvias en el puente de mayo https://t.co/4VermSW5MK,2.0,success
https://t.co/6qKJg5eHrD,https://twitter.com/CaracolDeportes/status/1917694197781475354,1,"üèÜ‚öΩÔ∏è ¬øCu√°ndo se jugar√°n los partidos de vuelta de las semifinales de la Champions League?

üèÅüè≥Ô∏è Estos ser√°n los d√≠as para escoger los dos finalistas del certamen.

https://t.co/QKRExeStGL",3.0,success
https://t.co/oUY2hbjkoH,https://twitter.com/todonoticias/status/1917632507731735036,1,El truco para seguir teniendo Internet en tu casa cuando se corta la luz https://t.co/p4eHnxbuAu,4.0,success
https://t.co/QIJPRbLLq5,https://twitter.com/ahorrandoclick1/status/1917694613634310622/photo/1,1,Lo que hizo fue meter droga en la prisi√≥n. https://t.co/QIJPRbLLq5,5.0,success
https://t.co/7a7JrZvuyV,https://twitter.com/ahorrandoclick1/status/1917694170807914973/photo/1,1,El Padrino https://t.co/7a7JrZvuyV,1.0,success
https://t.co/nxX6GcO8sh,https://twitter.com/larazon_es/status/1917471542830633458,1,"‚öΩ El delantero que ha dado el visto bueno al Betis para que pague su cl√°usula de rescisi√≥n

‚û° Adem√°s del Betis; Real Madrid, Sevilla, Chelsea y M√≥naco se hab√≠an interesado por √©l https://t.co/N6Ew06w0y2",2.0,success
https://t.co/7ugrjtIj6q,https://twitter.com/El_Universal_Mx/status/1917472990008336443,1,"¬øYa no ser√° la 'Verdeamarela'? üáßüá∑ ‚öΩÔ∏è

üëï La Selecci√≥n de Brasil estrenar√≠a uniforme de color rojo para la Copa del Mundo de 2026
https://t.co/N6aTXh2kOb",3.0,success
https://t.co/m3cD8AkT7s,https://twitter.com/LANACION/status/1917398500297388412,1,Un inesperado objeto podr√≠a impactar contra la Tierra en los pr√≥ximos d√≠as tras 53 a√±os a la deriva. https://t.co/NJq5UU9HyA,4.0,success
https://t.co/GnJzLMocX7,https://twitter.com/ahorrandoclick1/status/1917347305889620001/photo/1,1,Un atajo en 3 circuitos del Mario Kart DS https://t.co/GnJzLMocX7,5.0,success
https://t.co/Azes2ggEd5,https://twitter.com/DiarioOle/status/1917344662257324036,1,"üáßüá∑üö® Duro golpe a Brasil: ¬øse cae la contrataci√≥n de Ancelotti?

https://t.co/YyR2HNa3x2",1.0,success
https://t.co/jbeDfjX6zX,https://twitter.com/nacion/status/1917344682314551706,1,Trabajadores independientes tienen hasta esta fecha para inscribirse ante la CCSS https://t.co/AmLgTtIGPR,2.0,success
https://t.co/nx0qPJTjbZ,https://twitter.com/pulzo/status/1917343155860447688,1,"Revelan cu√°ntos a√±os hay que cotizar para poder cobrar el 100 % de la pensi√≥n en Colombia.
https://t.co/CyTQKWNYy7

https://t.co/CyTQKWNYy7",3.0,success
https://t.co/LqgKp5T5ST,https://twitter.com/NTN24/status/1917342721016005108,1,"Reconocido exjugador argentino apunt√≥ contra futbolista de la selecci√≥n Colombia: ""Es un poco pechofr√≠o""

https://t.co/3adoSVrcJs",4.0,success
https://t.co/xQu7cEnA1n,https://twitter.com/ahorrandoclick1/status/1917332277266157650/photo/1,1,Lost Odyssey https://t.co/xQu7cEnA1n,5.0,success
https://t.co/KNQ6xTT8hK,https://twitter.com/ahorrandoclick1/status/1917332061616017602/photo/1,1,12 de septiembre https://t.co/KNQ6xTT8hK,1.0,success
https://t.co/I6auXuRjWj,https://twitter.com/ahorrandoclick1/status/1917331725811622384/photo/1,1,"Como si los bloqueos sirvieran para algo, cari√±o.

@MeriStation https://t.co/I6auXuRjWj",2.0,success
https://t.co/NKRj4HWX95,https://twitter.com/elcomerciocom/status/1917272801490149869,1,"üò¢ Actor de ‚ÄòBetty la fea‚Äô anuncia que tiene c√°ncer y que no podr√° volver a trabajar üëá
https://t.co/jQIdna4pSs https://t.co/z6FzjaG2MU",3.0,success
https://t.co/CrvSdXYnVi,https://twitter.com/elpaiscali/status/1917138463725400350,1,üëâ ¬øDe qui√©n se trata? Le informamos: https://t.co/tWSCTZm6jx https://t.co/44TTle4O43,4.0,success
https://t.co/AYWUyIAbdz,https://twitter.com/La_SER/status/1917107833918861670,1,"‚öΩ El gran se√±alado de √Ålvaro Benito tras la final de la Copa del Rey: ""O le pasa algo o no lo entiendo"" https://t.co/xBLd3EmIsN",5.0,success
https://t.co/rKDIfZ7v9b,https://twitter.com/elpaiscali/status/1917108003087569161,1,üëâ¬øA qu√© se debe? Le contamos a detalles: https://t.co/B4V6igZdqu https://t.co/7VxQzNKXti,1.0,success
https://t.co/8L9kU75CLE,https://twitter.com/ahorrandoclick1/status/1917109551901426052/photo/1,1,"En otra fren√©tica ma√±ana en la redacci√≥n de ElHezPost, la noticia del d√≠a es que un chico se queda atrapado en el ascensor y su reacci√≥n es aguantarse. https://t.co/8L9kU75CLE",2.0,success
https://t.co/V2aIPiFyFl,https://twitter.com/elEconomistaes/status/1916944140052349233,1,Este es el m√©todo que utilizan los japoneses para bajar de peso y no engordar https://t.co/vOVjCDPegH,3.0,success
https://t.co/7OPoPXbTDc,https://twitter.com/nacion/status/1916944725564702756,1,Keylor Navas toma una decisi√≥n: ¬øLa Selecci√≥n de Costa Rica o el Mundial de Clubes? https://t.co/obT1nPkCnN,4.0,success
https://t.co/r16B25qAQr,https://twitter.com/elpaisuy/status/1916833560205332911,1,"Apag√≥n masivo en Espa√±a: qu√© ocurri√≥, qu√© dijo Red El√©ctrica y cu√°les son los otros pa√≠ses afectados https://t.co/S0ewX7qlfv https://t.co/S0ewX7qlfv",5.0,success
https://t.co/Mlyj5cGUlL,https://twitter.com/NTN24ve/status/1916817024606409135,1,Cardenales decidieron la fecha en mayo en la que comenzar√° el c√≥nclave para elegir al sucesor del papa Francisco https://t.co/zQVjrneyj5,1.0,success
https://t.co/X3mb7cNhhJ,https://twitter.com/larazon_es/status/1916399450123100310,1,"‚öΩGerard Piqu√©, en catal√°n, escribe la frase m√°s pol√©mica tras la victoria del Barcelona.

üì≤El ex jugador azulgrana ha querido celebrar la victoria sobre el Real Madrid a su manera, con una frase en las redes https://t.co/pN2tuIE4sS",2.0,success
https://t.co/0Bn82SfHRQ,https://twitter.com/RevistaSemana/status/1916607615494242803,1,"#Gente | ‚ÄòLa casa de los famosos Colombia‚Äô podr√≠a acabarse antes de lo esperado; esta ser√≠a la raz√≥n 
https://t.co/FtIFJLitpH",3.0,success
https://t.co/TKA9RLeGrc,https://twitter.com/ahorrandoclick1/status/1916391909985051051/photo/1,1,Barcelona https://t.co/TKA9RLeGrc,4.0,success
https://t.co/EY2IoSdnpP,https://twitter.com/ahorrandoclick1/status/1916391460615688409/photo/1,1,‚Äú¬°Hijo de puta! ¬°‚ÄòCagaos‚Äô! ¬°Caradura! ¬øY esa de Lamine? Para all√≠‚Äú https://t.co/EY2IoSdnpP,5.0,success
https://t.co/hszjrnq9a4,https://twitter.com/MundoEConflicto/status/1916240952798200289,1,"üö®üåé Por riesgo de crimen, secuestro y terrorismo: EE.UU. se√±al√≥ a un pa√≠s de Sudam√©rica como peligroso para viajar. https://t.co/LtqhSOIkNX",1.0,success
https://t.co/G6OiglZz1f,https://twitter.com/NTN24/status/1916187681605775521,1,"El motivo por el cual Cristiano Ronaldo y Lionel Messi podr√≠an jugar juntos en el mismo equipo a final de a√±o

https://t.co/Kst1P8TVM5",2.0,success
https://t.co/rBgO3nP5Oj,https://twitter.com/VSportsTM/status/1915868416990204121,1,"¬øJos√© Mourinho vuelve a la Premier ‚öΩüá¨üáß a sus 62 a√±os? Es una posibilidad concreta y, seg√∫n medios brit√°nicos, probable. Mir√° üëá
https://t.co/E1Fv07KJT6
https://t.co/E1Fv07KJT6",3.0,success
https://t.co/Ncs1cbX3UF,https://twitter.com/mediotiempo/status/1915840577326702786,1,"üö®üò± ¬øPor qu√© el Real Madrid NO jugar√≠a la Final de la Copa del Rey? √öltimas noticias EN DIRECTO

https://t.co/szg0EI9kS5 https://t.co/IhQQBMIu8q",4.0,success
https://t.co/HJHRQ2WkdP,https://twitter.com/elmundoes/status/1915839306494550257,1,Ni papel de cocina ni bayetas: el truco para limpiar la pantalla de la televisi√≥n y que quede impoluta sin da√±arla https://t.co/685jPW36es,5.0,success
https://t.co/uvFtNO9z2g,https://twitter.com/laopinioncoruna/status/1915518614595395659,1,üö® Multado con 800 euros por comprar este objeto en una tienda 'online' https://t.co/7PvLngn5xR,1.0,success
https://t.co/5I6EiWVAlK,https://twitter.com/sextaNoticias/status/1915752658817765801,1,Cu√°nta gente fue al funeral de Benedicto XVI y se despidi√≥ en la capilla ardiente en 2023 https://t.co/QaoBfbnfiG,2.0,success
https://t.co/YuQi1ipuSf,https://twitter.com/ahorrandoclick1/status/1916023005324447992/photo/1,1,Las alertas de tr√°fico se avisan con mucha menos antelaci√≥n https://t.co/YuQi1ipuSf,3.0,success
https://t.co/MALdUKXTFY,https://twitter.com/abc_es/status/1915378942690689271,1,üëÄ ¬°Esto te interesa! El truco para saber si alguien te est√° robando tu WiFi y evitar que siga conectado https://t.co/gaEjaGqefr,4.0,success
https://t.co/sZvQDcBflg,https://twitter.com/ahorrandoclick1/status/1915457644640272606/photo/1,1,No se conoce. https://t.co/sZvQDcBflg,5.0,success
https://t.co/xVKqcc5Z3t,https://twitter.com/mundodeportivo/status/1915426382827397560,1,"‚úÖ Oficial: V√≠ctor Vald√©s ya tiene nuevo equipo como entrenador
https://t.co/Tjo73hy5pq",1.0,success
https://t.co/YcLGHJ7g1d,https://twitter.com/futbolred/status/1915356660358332836,1,#Colombianos |¬†ü¶Å‚ùå James Rodr√≠guez conoci√≥ la suspensi√≥n en Liga MX por increpar a un √°rbitro: problemas para Le√≥n üëáüîó https://t.co/Zt7QTWq8EG,2.0,success
https://t.co/AnDKXcmWwf,https://twitter.com/voz_populi/status/1915347212579590536,1,"üì∫ La ""rajada"" de los Estopa en La Revuelta que dej√≥ helado a Broncano

https://t.co/jjPafnAnFs",3.0,success
https://t.co/2LEcAgZRm1,https://twitter.com/Portafolioco/status/1915345372966211696,1,"Esta es la zona de Colombia donde viven los hombres m√°s atractivos, seg√∫n la IA.

ChatGPT revel√≥ d√≥nde residen los hombres considerados como los m√°s bellos. ¬øCu√°les son las cualidades que hacen a un hombre atractivo?

Detalles ‚¨áÔ∏è https://t.co/BIGx2OaBMs",4.0,success
https://t.co/nsKbKYLhaJ,https://twitter.com/AutoBildspain/status/1915345376019628297,1,"Pasar la ITV a un Seat 600 de 54 a√±os no es f√°cil, pero menos si vas y te hacen esta pregunta https://t.co/dvEMbuOrck",5.0,success
https://t.co/ICVoO1GsGs,https://twitter.com/computerhoy/status/1915320614165811468,1,Una jugada maestra: este pa√≠s est√° negociando con Apple y Tesla para convertirse en la nueva f√°brica del mundo https://t.co/bGKhPS85Dz,1.0,success
https://t.co/V7dwcDL6Al,https://twitter.com/applesfera/status/1915311027039748318,1,Puedes deducirte el gimnasio en la Renta 2024 si vives en estas comunidades. Paso a paso para hacerlo en tu iPad o Mac https://t.co/CIG6kEfcyp https://t.co/1aMG3QU5Nj,2.0,success
https://t.co/rgVM4SeYLo,https://twitter.com/diarioas/status/1915284574424469576,1,"üèüÔ∏è Adi√≥s a la pista de atletismo en La Cartuja: esta es la nueva capacidad que tendr√° el estadio de la final de Copa

‚úçÔ∏è @daniceped_ 
https://t.co/Dq601GfOoD",3.0,success
https://t.co/Z621ucjMdN,https://twitter.com/quediario/status/1914943157545947242,1,La lesi√≥n de Lewandowski termina por convencer a Deco: fichaje sorpresa https://t.co/SSB3EuZnLU,4.0,success
https://t.co/ADHVKNuRoD,https://twitter.com/quediario/status/1914943159164932548,1,Carvajal causa taquicardia a los aficionados del Real Madrid: √∫ltima hora https://t.co/drqrTOdfHU,5.0,success
https://t.co/sNjyYewRAg,https://twitter.com/computerhoy/status/1914462431683752171,1,"La Polic√≠a Nacional explica qu√© hacer si te roban el m√≥vil: ""No dejes pasar el tiempo y cuanto antes, haz esto"" https://t.co/2Yr1YaK755",1.0,success
https://t.co/KJUPMaOsuw,https://twitter.com/Radio_Formula/status/1914926963501789565,1,"El electrodom√©stico que tienes en casa y ayuda a eliminar las chinches sin usar insecticidas 
https://t.co/FxmO6YfqYo",2.0,success
https://t.co/cjAob2rCz0,https://twitter.com/ahorrandoclick1/status/1914927960374587627/photo/1,1,Un directivo de una empresa cafetera dice que los precios est√°n muy altos. https://t.co/cjAob2rCz0,3.0,success
https://t.co/e0pFlukSer,https://twitter.com/deportesDDS/status/1914925494845297098,1,Copa del Rey 2025 en Sevilla: aqu√≠ est√° la 'fan zone' para los aficionados del Barcelona https://t.co/K5K8hfu7Ns,4.0,success
https://t.co/RsNTeYohYJ,https://twitter.com/larazon_es/status/1914926019171029155,1,#LoM√°sLe√≠do üì∞ Una de las plantas que mejor huele y decora los jardines atrae serpientes https://t.co/g5cea3wjs7,5.0,success
https://t.co/NBz3O0vR4p,https://twitter.com/ahorrandoclick1/status/1914926698581086280/photo/1,1,Pues a ver si dej√°is de sacar art√≠culos preguntando a chatGPT. https://t.co/NBz3O0vR4p https://t.co/ssNHcT5rBQ,1.0,success
https://t.co/ssNHcT5rBQ,https://twitter.com/computerhoy/status/1914926094345547864,1,"Expertos confirman el brutal da√±o que la IA le est√° haciendo al ser humano: ""Ni aprendiendo ni reteniendo nada"" https://t.co/f3goD06kqz",2.0,success
https://t.co/vAP9Lti2hv,https://twitter.com/futbolred/status/1914760271685456212,1,"¬øQui√©n es el mejor jugador de la #CopaLibertadores seg√∫n la IA?
 https://t.co/AGDn2Nd4WM",3.0,success
https://t.co/p4rGWj64rL,https://twitter.com/RevistaSemana/status/1914759512629583915,1,"#Deportes | Decisi√≥n de Conmebol para Libertadores y Sudamericana por muerte del papa Francisco: es oficial.
https://t.co/EWRij03TTS https://t.co/cfkWZ3zmjr",4.0,success
https://t.co/3qCg08X4pC,https://twitter.com/Expresoec/status/1914739279466557654,1,"¬øEl presidente Daniel Noboa tiene previsto viajar al funeral del papa Francisco?

Te lo contamosüëá
https://t.co/CCXLnqBsvG",5.0,success
https://t.co/OWEhGta4HT,https://twitter.com/ahorrandoclick1/status/1914751301314847171/photo/1,1,https://t.co/OWEhGta4HT https://t.co/yJPz4IeMIp,1.0,success
https://t.co/yJPz4IeMIp,https://twitter.com/EcuavisaInforma/status/1914697896227725424,1,‚úùÔ∏è El √∫ltimo gesto del #PapaFrancisco fue un adi√≥s entre bendiciones. üó£Ô∏èHoras antes de morir el pont√≠fice convers√≥ con su enfermero Massimiliano Strappeti. üíª https://t.co/nrrSrIlBfS https://t.co/8qe3TvEvj1,2.0,success
https://t.co/PT1HI7O7Ui,https://twitter.com/todonoticias/status/1914447447339696281,1,No es la estufa el√©ctrica: el aparato que s√≠ o s√≠ deb√©s desconectar mientras dorm√≠s para evitar incendios https://t.co/xT1YpAvYpO,3.0,success
https://t.co/NknTG8Fonv,https://twitter.com/elEconomistaes/status/1914642843123245132,1,Lequio vaticina la nacionalidad del Papa que va a suceder a Francisco https://t.co/IUhqufoOEq,4.0,success
https://t.co/OgFae7HJcy,https://twitter.com/orgullobiri/status/1914640307490083124,1,"üö® √öLTIMA HORA: El Sevilla FC pierde otro jugador importante para lo que queda de temporada

üìå #sevillafc #sevilla #sfc #OrgulloBiri 

 https://t.co/deQ68wzFDm",5.0,success
https://t.co/sLF13SgpaS,https://twitter.com/okdiario/status/1914569145636524317,1,Adi√≥s para siempre a Decathlon: cierra sus tiendas y es oficial https://t.co/pApoqgQRpy,1.0,success
https://t.co/Cks9CPOZgG,https://twitter.com/larazon_es/status/1914368534055920075,1,"üèòÔ∏è Esta es la mejor ciudad de Espa√±a para vivir seg√∫n la IA: algunos espa√±oles no est√°n de acuerdo.

üìç Este lugar tiene playa, buen clima y precios de vivienda asequibles

https://t.co/KQCllWrmHC",2.0,success
https://t.co/H2ri9g0ALN,https://twitter.com/adnradiochile/status/1914470203972567084,1,"Reconocida marca de autos coreanos cambia su nombre en Chile: As√≠ se llamar√° ahora

https://t.co/zDCmV6QTMU",3.0,success
https://t.co/n4YggZB2R3,https://twitter.com/C5N/status/1914455240939655503,1,"üëÄ Muri√≥ el papa Francisco: ¬øTelefe romper√° el aislamiento para contarles a los participantes de Gran Hermano?

https://t.co/momM3fHHtE",4.0,success
https://t.co/QN1J0AwNz8,https://twitter.com/TUDNMEX/status/1914336784084820379,1,"Ni Messi ni Maradona: el favorito del Papa Francisco üïäÔ∏èno fue argentino ‚öΩÔ∏è

https://t.co/0jKqhnLjpa

#PapaFrancisco | #Maradona | #Messi https://t.co/lvL3wPU9S9",5.0,success
https://t.co/57ofQpQmbL,https://twitter.com/ahorrandoclick1/status/1914361952219840618/photo/1,1,https://t.co/57ofQpQmbL https://t.co/BiS2T48rXC,1.0,success
https://t.co/BiS2T48rXC,https://twitter.com/mundodeportivo/status/1914361767951544582,1,"‚ù§Ô∏è‚Äçü©π El sentido homenaje de Leo Messi al papa Francisco

https://t.co/C8zeUp0pPl",2.0,success
https://t.co/phtN2rl56i,https://twitter.com/ahorrandoclick1/status/1914361506281742748/photo/1,1,Alguien ha puesto pap√° en vez de Papa. https://t.co/phtN2rl56i,3.0,success
https://t.co/foEqVN6JG1,https://twitter.com/ahorrandoclick1/status/1914361010414117086/photo/1,1,"""uno de los principales l√≠deres de izquierda de la UE"". https://t.co/foEqVN6JG1",4.0,success
https://t.co/uiZvSZc5MS,https://twitter.com/peru21noticias/status/1914334909264470261,1,"üá¶üá∑ ¬øVisito el Papa durante su pontificado Argentina, su tierra natal?

Ent√©rate en esta nota üëáhttps://t.co/Qkhd02vBuW",5.0,success
https://t.co/4oXCKHFh24,https://twitter.com/T13/status/1914352679553232904,1,"¬øQu√© posibilidad tiene el cardenal chileno Fernando Chomali de ser el nuevo Papa?

https://t.co/9WCMXE1BqD",1.0,success
https://t.co/iYnpYFjSmp,https://twitter.com/eldiarioes/status/1913974688939716815,1,"El rec√≥ndito pueblo al que llaman el Machu Picchu espa√±ol por su belleza salvaje y sus incre√≠bles vistas
https://t.co/sv2lwGDQPp",2.0,success
https://t.co/KurzzexSHy,https://twitter.com/marca/status/1914027209943023713,1,¬øCu√°nto dinero gana Holger Rune por el t√≠tulo del Conde de God√≥? https://t.co/DmffP2BA00,3.0,success
https://t.co/F27hkZPcZs,https://twitter.com/lacuarta/status/1913559452751671753,1,"Iba a la pega en Semana Santa y la balearon en la micro del Transantiago: el triste asesinato de estudiante de 16 a√±os
https://t.co/icccenPk5n",4.0,success
https://t.co/i9w5wGk0P7,https://twitter.com/ahorrandoclick1/status/1913638583312822533/photo/1,1,‚Äú¬øC√≥mo te preparaste para interpretar a una Ellie mayor en la segunda temporada?‚Äù https://t.co/i9w5wGk0P7,5.0,success
https://t.co/E8Eg5eOGww,https://twitter.com/AristeguiOnline/status/1913633744079987049,1,"Por qu√© la NFL sancion√≥ con seis partidos al mexicano Isaac Alarc√≥n üèà
https://t.co/RJk765rsy6",1.0,success
https://t.co/RDFi5hCVSr,https://twitter.com/relevo/status/1913628510217765209,1,Lesi√≥n de Lewandowski: qu√© tiene y cu√°nto tiempo estar√° de baja  https://t.co/OVeC1qhonq,2.0,success
https://t.co/lGkuJC9UJG,https://twitter.com/mundodeportivo/status/1913579534772756736,1,"üö® Sorpres√≥n en el once del Bar√ßa

‚úçÔ∏è @Mariio_RB 

https://t.co/XGdtMeyfxT",3.0,success
https://t.co/pVoTpTVQFB,https://twitter.com/larazon_es/status/1913511253428891650,1,üí¨La lengua vasca que no es el euskera y est√° a punto de desaparecer: s√≥lo lo hablan 500 personas. https://t.co/l2jlPcGMrY,4.0,success
https://t.co/w7O8qwb7iX,https://twitter.com/Lecturas/status/1913502835779551641,1,Bel√©n Esteban hace una excepci√≥n: conmueve al lanzar un mensaje para la persona que m√°s quiere con un duro lamento incluido https://t.co/Ew4Pn3wEMw,5.0,success
https://t.co/l2bHeCHbbi,https://twitter.com/abc_es/status/1913502853605245121,1,üçä El motivo por el que no se venden yogures de naranja en los supermercados de Espa√±a: ¬´El sabor no...¬ª https://t.co/jLQLUC3ERo,1.0,success
https://t.co/VD4GVYQR3Y,https://twitter.com/computerhoy/status/1913479738447835480,1,"Steve Jobs odiaba esta profesi√≥n, y no dud√≥ en dec√≠rselo a la cara: ""Deber√≠an hacer algo"" https://t.co/XToiZPhmyd",2.0,success
https://t.co/stzxBZSgW4,https://twitter.com/GolCaracol/status/1913343719773700387,1,¬°ATENCI√ìN üö®! M√°s del tema a continuaci√≥n: https://t.co/hI9Ldb9QzT https://t.co/Bhbp8hOx9C,3.0,success
https://t.co/1Ikua5p246,https://twitter.com/todonoticias/status/1913316052429111775,1,"Ni Messi ni Maradona: qui√©n es el mejor jugador de la historia, seg√∫n Benzema https://t.co/WrCpwqD7Bp",4.0,success
https://t.co/xLDPBLOtRb,https://twitter.com/elmundoes/status/1913111669758165232,1,Ni jumping jacks ni flexiones: este es el ejercicio de cardio ideal para tonificar gl√∫teos y mejorar la coordinaci√≥n https://t.co/h02I7oiWWk,5.0,success
https://t.co/JyhTyPRc2d,https://twitter.com/elindepcom/status/1913113139668713851,1,¬øDebemos quitar la parte blanca del fuet antes comerlo? https://t.co/lZdQeZEAYe,1.0,success
https://t.co/ARTXDWiDQb,https://twitter.com/laopinioncoruna/status/1913110248509816834,1,"üì∫ Frank Blanco califica como ""imb√©cil"" a este cantante internacional con el que tuvo que parar una entrevista https://t.co/30pY74YBzh",2.0,success
https://t.co/2zr82WZrNQ,https://twitter.com/CaracolRadio/status/1913110248816284034,1,"En qu√© pa√≠s de Sudam√©rica rinde m√°s el peso colombiano 2025: Tiene 3 fronteras terrestres
https://t.co/JRTtnvO74S",3.0,success
https://t.co/bwdGSoQQTG,https://twitter.com/GolCaracol/status/1913024503438864713,1,üì≤ ¬øSe dar√° 'BOMBAZO'? üëÄ https://t.co/kWkr756Fbg https://t.co/6muv4COM98,4.0,success
https://t.co/29eHHHdKd2,https://twitter.com/LANACION/status/1912991421142806563,1,El diagn√≥stico que recibi√≥ L-Gante y que lo obliga a alejarse de los escenarios https://t.co/y0kLCSJUgg https://t.co/hFcV0LnbCd,5.0,success
https://t.co/cK3HG3MNmb,https://twitter.com/VSportsTM/status/1912960327844528337,1,"Tras la negativa de Jorge Sampaoli, Santos üáßüá∑ busca a otro DT argentino üá¶üá∑ ¬øDe qui√©n se trata? Mir√° üëá
https://t.co/zMT2cDvXQJ
https://t.co/zMT2cDvXQJ",1.0,success
https://t.co/6WvomS59Ey,https://twitter.com/laSextaTV/status/1912846006334480571,1,"Salen a la luz las causas del fallecimiento de Michelle Trachtenberg, actriz de 'Gossip Girl' y 'Buffy, Cazavampiros' https://t.co/X7E3RFN0ZV",2.0,success
https://t.co/rd9GFjoQnv,https://twitter.com/AristeguiOnline/status/1912672491039760455,1,"üïØ Michelle Trachtenberg: revelan causa de su muerte | La actriz de ‚ÄòGossip Girl‚Äô o ‚ÄòBuffy, the Vampire Slayer‚Äô, muri√≥ el pasado febrero a los 39 a√±os en su apartamento¬†de¬†Nueva¬†York.
https://t.co/uI2uZNJ4QZ",3.0,success
https://t.co/fwPGwxnris,https://twitter.com/defcentral/status/1912632091788931441,1,"üëîüò¢ Florentino P√©rez se√±al√≥ a los dos jugadores m√°s tristes del vestuario nada m√°s acabar el partido en el Bernab√©u

https://t.co/OK0kh8RbFg",4.0,success
https://t.co/EAFxSN00Ak,https://twitter.com/ahorrandoclick1/status/1912470712205390313/photo/1,1,"S√≠, √©sto es noticia: https://t.co/EAFxSN00Ak https://t.co/ZhpdbjrRuH",5.0,success
https://t.co/ZhpdbjrRuH,https://twitter.com/ObservadorUY/status/1912470406067343742,1,El tierno mensaje de apoyo de Mina Bonino a Federico Valverde en la previa de un partido dificil√≠simo para Real Madrid por Liga de Campeones este mi√©rcoles https://t.co/uRkvO3CxQM,1.0,success
https://t.co/zuif2igOI9,https://twitter.com/AutoBildspain/status/1912468759899422922,1,Lo que ocurre si adelantas a la Guardia Civil en la carretera. La DGT es la que te da la pista https://t.co/zYGp00Lu6V,2.0,success
https://t.co/KjrI48GwoG,https://twitter.com/elpaiscali/status/1912468762659369096,1,üëâAs√≠ avanza su recuperaci√≥n: https://t.co/TEfdqD1Np7 https://t.co/nx20ElBcNg,3.0,success
https://t.co/44I77EQUkP,https://twitter.com/ahorrandoclick1/status/1912469605026521459/photo/1,1,En Italia. https://t.co/44I77EQUkP,4.0,success
https://t.co/orrLvf4TWg,https://twitter.com/periodistadigit/status/1912468876484374559,1,"El lujo de desconectarse: ¬øPor qu√© Elton John, Ed Sheeran y Sarah Jessica Parker han renunciado al m√≥vil? https://t.co/2KshNhSmNI",5.0,success
https://t.co/Od9YbP66zD,https://twitter.com/ahorrandoclick1/status/1912468795601400211/photo/1,1,Caf√© con cacao. https://t.co/Od9YbP66zD,1.0,success
https://t.co/JK9IInPpCX,https://twitter.com/La_SER/status/1912457188926468149,1,"‚öΩ Ni Pedri, ni Lamine Yamal: el jugador del FC Barcelona que ya es ""casi m√°s importante que cualquiera de los tres de arriba"" https://t.co/XSwOuY3spE",2.0,success
https://t.co/AftVJrYQx8,https://twitter.com/Vertele/status/1912457189366940146,1,"üïü RTVE pone hora y desvela a las presentadoras inesperadas del desfile con el que llegar√° #LaFamiliaDeLaTele 

üëâhttps://t.co/VOkDebGAL5

As√≠ ser√° el evento que la cadena p√∫blica ha preparado para recibir a su nuevo magac√≠n, que alterar√° sus horarios habituales:",3.0,success
https://t.co/eqL4XRt5pP,https://twitter.com/ahorrandoclick1/status/1912467602888081802/photo/1,1,Su relaci√≥n es que tienen una canci√≥n juntos. https://t.co/eqL4XRt5pP,4.0,success
https://t.co/lc1kArgFis,https://twitter.com/ahorrandoclick1/status/1912467284360053161/photo/1,1,"Lo de siempre. Tu banco no se va a poner en contacto contigo por sms. Y si lo haces y caes en la trampa, un falso gestor te llama para pedirte datos personales. https://t.co/lc1kArgFis",5.0,success
https://t.co/mWKnOveyZN,https://twitter.com/libertaddigital/status/1912457587942957090,1,"El Rayo Vallecano cierra su mejor fichaje del a√±o

https://t.co/UTWBc4bwDf",1.0,success
https://t.co/7Tje8iQAHD,https://twitter.com/culturaocio/status/1912427240962261069,1,"Te contamos SIN SPOILERS si el final de #DaredevilBornAgain tiene escena post-cr√©ditos

#Daredevil #Kingpin #ThePunisher #Marvel #UCM https://t.co/NEXUfFmGFC",2.0,success
https://t.co/QzgkGEOyr4,https://twitter.com/ahorrandoclick1/status/1912430494509080649/photo/1,1,Almendras https://t.co/QzgkGEOyr4,3.0,success
https://t.co/rb7TQst68Z,https://twitter.com/Excelsior/status/1912408367311581293,1,üì±Activa el modo vacaciones en #WhatsApp con este truco f√°cil y olv√≠date de los mensajes por unos d√≠as. https://t.co/u716XhVMJe,4.0,success
https://t.co/XTm6NZKb1K,https://twitter.com/Hipertextual/status/1912400597317267949,1,Soy nutricionista y esto es lo que debes hacer para que tu pizza sea m√°s saludable https://t.co/9EhMp9lqP4,5.0,success
https://t.co/fSWnTW6CYL,https://twitter.com/ahorrandoclick1/status/1912398131347542387/photo/1,1,Desde hace 2 d√≠as hay matr√≠culas que empiezan por N. https://t.co/fSWnTW6CYL,1.0,success
https://t.co/5PQs7XoVxp,https://twitter.com/ahorrandoclick1/status/1912397076899463320/photo/1,1,"B√°sicamente que har√° fr√≠o.

Est√° bien que us√©is chatGPT para todo, pero al menos revisad el texto que da bastante picor de ojos. https://t.co/5PQs7XoVxp https://t.co/oLcZXUEOXT",2.0,success
https://t.co/oLcZXUEOXT,https://twitter.com/okdiario/status/1912395242306777472,1,Roberto Brasero revienta la Semana Santa y lanza el aviso m√°s duro: ¬´No hay provincia que se libre‚Ä¶¬ª https://t.co/9KBQladMZE,3.0,success
https://t.co/32xdLMwQh2,https://twitter.com/ahorrandoclick1/status/1912373453061054666/photo/1,1,Salta la sorpresa en Las Gaunas. https://t.co/32xdLMwQh2 https://t.co/FzOdHXeKjt,4.0,success
https://t.co/FzOdHXeKjt,https://twitter.com/okdiario/status/1912371409847713995,1,Error: L√≠mite de rate excedido,5.0,rate_limited
https://t.co/J8ZfDgj1FO,https://twitter.com/computerhoy/status/1912371595722522881,1,Cambio radical en Android: esto es lo que va a pasar si dejas tu m√≥vil en reposo tres d√≠as https://t.co/567aQxXNrE,1.0,success
https://t.co/FqvSZovNkq,https://twitter.com/LaCronicaDeHoy/status/1912358321304055894,1,"Luc√≠a M√©ndez cancela presentaciones por esta raz√≥n. üò®üëá

https://t.co/ebskrY3hLu https://t.co/iz9IhJBc52",2.0,success
https://t.co/fPtN1s7RLQ,https://twitter.com/Cooperativa/status/1912258359639564634,1,Error: L√≠mite de rate excedido,3.0,rate_limited
https://t.co/J4v6Zocaaa,https://twitter.com/marca/status/1912210297466609937,1,¬øPor qu√© Hansi Flick ha reservado a I√±igo Mart√≠nez? https://t.co/BMrQ8toLx8,4.0,success
https://t.co/FF4jaNfV6u,https://twitter.com/GolCaracol/status/1912153814439809060,1,Error: L√≠mite de rate excedido,5.0,rate_limited
https://t.co/OlHOD8iPEl,https://twitter.com/futbolete/status/1912166620954292337,1,Golpe a los planes del Barcelona: Luis D√≠az cerca de aceptar jugosa oferta de otro club https://t.co/V3YW0XUZys,1.0,success
https://t.co/5Lja27fa4L,https://twitter.com/ahorrandoclick1/status/1912226306961641495/photo/1,1,M√°ximo 4.000 al mes y dura la promo 3 meses. https://t.co/5Lja27fa4L https://t.co/aZBe29x380,2.0,success
https://t.co/aZBe29x380,https://twitter.com/clarincom/status/1912196725147828556,1,Error: L√≠mite de rate excedido,3.0,rate_limited
https://t.co/idbuMjAPvz,https://twitter.com/los_replicantes/status/1912083490096746607,1,Error: L√≠mite de rate excedido,4.0,rate_limited
https://t.co/CT8d9HDuu0,https://twitter.com/VSportsTM/status/1911877116993634525,1,Error: L√≠mite de rate excedido,5.0,rate_limited
https://t.co/8ckYhIOCIv,https://twitter.com/abc_es/status/1911924957476438044,1,Error: L√≠mite de rate excedido,1.0,rate_limited
https://t.co/rWy8ke8rrL,https://twitter.com/PuntoDBreak/status/1911724747747885504,1,Error: L√≠mite de rate excedido,2.0,rate_limited
https://t.co/cp1ansd60A,https://twitter.com/ahorrandoclick1/status/1911674520760377589/photo/1,1,Error: L√≠mite de rate excedido,3.0,rate_limited
https://t.co/oKoq0JY3KR,https://twitter.com/RevistaSemana/status/1911429764360901046,1,Error: L√≠mite de rate excedido,4.0,rate_limited
https://t.co/7F1epQa7Hl,https://twitter.com/ELTIEMPO/status/1911437974476304796,1,Error: L√≠mite de rate excedido,5.0,rate_limited
https://t.co/GRZPROxArn,https://twitter.com/libertaddigital/status/1911428141844677071,1,Error: L√≠mite de rate excedido,1,rate_limited
https://t.co/rnMSbJHsjm,https://twitter.com/AristeguiOnline/status/1911172524387324023,1,"#Video‚ñ∂Ô∏è | La Ciudad de M√©xico confirma qui√©n dar√° concierto gratuito en el Z√≥calo el pr√≥ximo 10 de mayo, con motivo del D√≠a de las Madres üé§üé∂
https://t.co/mSMpql9uO9",2,success
https://t.co/pq1zv0UBJP,https://twitter.com/NoticiasCaracol/status/1911075586077864088,1,"#Tecnolog√≠a | As√≠ puede desactivar Meta AI en WhatsApp: por esto recomiendan hacerlo
https://t.co/ynjBmtpXKX",3,success
https://t.co/QIADH4LVfy,https://twitter.com/adnradiochile/status/1911069294206517314,1,"No ser√° ni Miranda! ni Rod Stewart: esta es la superestrella mundial que inaugurar√° la Claro Arena en Chile este 2025

https://t.co/bG8P7mm75a",4,success
https://t.co/gUaOD4KDrY,https://twitter.com/mundodeportivo/status/1910954789476696097,1,"‚ö™Ô∏è El Real Madrid prepara su primera limpieza: estos son los jugadores que corren peligro

‚úçÔ∏è @jlartus 
https://t.co/FmTHlGfHSv",5,success
https://t.co/pBdVa32EXs,https://twitter.com/sextaNoticias/status/1910935919986700779,1,Error: L√≠mite de rate excedido,1,rate_limited
https://t.co/FVWi4RaUh4,https://twitter.com/okdiario/status/1910936995896971553,1,Error: L√≠mite de rate excedido,2,rate_limited
https://t.co/mDMH5ORFWm,https://twitter.com/ahorrandoclick1/status/1910704116843569578/photo/1,1,Eric Dane https://t.co/mDMH5ORFWm https://t.co/3n7AgXX3Li,3,success
https://t.co/3n7AgXX3Li,https://twitter.com/soy_502/status/1910703539489268162,1,Error: L√≠mite de rate excedido,4,rate_limited
https://t.co/bJECiU6jwr,https://twitter.com/larazon_es/status/1910580321629675731,1,"üöî La Guardia Civil comenzar√° a revisar las guanteras de miles de coches.

Este es el objeto obligatorio en todos los veh√≠culos ‚¨áÔ∏è

https://t.co/Ft18GNV2oL",5,success
https://t.co/WmgQgJXmrj,https://twitter.com/BBCWorld/status/1910369189912584615,1,Error: L√≠mite de rate excedido,1,rate_limited
https://t.co/emXhaYxi6r,https://twitter.com/VSportsTM/status/1910486705171263638,1,Error: L√≠mite de rate excedido,2,rate_limited
https://t.co/HfuEjXrBzj,https://twitter.com/WinSportsTV/status/1910473638219809070,1,Error: L√≠mite de rate excedido,3,rate_limited
https://t.co/GrWQHkCtIC,https://twitter.com/3djuegos/status/1910504216029757831,1,Error: L√≠mite de rate excedido,4,rate_limited
https://t.co/WQXRO0MdGC,https://twitter.com/okdiario/status/1910219473426010219,1,Adi√≥s a los abonos gratis de RENFE si no haces esto: quedan d√≠as https://t.co/W4HE09RM6T,5,success
https://t.co/tou0iFs7an,https://twitter.com/Lecturas/status/1910218696573804811,1,Error: L√≠mite de rate excedido,1,rate_limited
https://t.co/mRl6zPXRri,https://twitter.com/clarincom/status/1910140675087008083,1,Error: L√≠mite de rate excedido,2,rate_limited
https://t.co/Ym2vW9fpNc,https://twitter.com/todonoticias/status/1910070447179288668,1,Error: L√≠mite de rate excedido,3,rate_limited
https://t.co/LfseDFar4N,https://twitter.com/TheObjective_es/status/1910067694369468645,1,Error: L√≠mite de rate excedido,4,rate_limited
https://t.co/oJ5odbFDsZ,https://twitter.com/biobio/status/1909974647707217961,1,"Rescatan c√°mara sumergida hace 55 a√±os en el Lago Ness para buscar al ""monstruo"": esto fue lo que vio
https://t.co/wTA1WXuTdM",5,success
https://t.co/LP5wkqTZN2,https://twitter.com/3djuegos/status/1909963309593350176,1,Error: L√≠mite de rate excedido,1,rate_limited
https://t.co/vlsVUWD56I,https://twitter.com/okdiario/status/1909944389226426806,1,Error: L√≠mite de rate excedido,2,rate_limited
https://t.co/9vHUJRjX72,https://twitter.com/larazon_es/status/1909852556714451392,1,Error: L√≠mite de rate excedido,3,rate_limited
https://t.co/FIMYYMNnvk,https://twitter.com/WRadioColombia/status/1909826103050747997,1,Error: L√≠mite de rate excedido,4,rate_limited
https://t.co/Yw3r2fcJtX,https://twitter.com/adnradiochile/status/1909586020695212174,1,"Nueva reducci√≥n de la jornada laboral en Chile: desde este d√≠a se trabajar√° solo 42 horas a la semana

https://t.co/1kPCjTrx4H",5,success
https://t.co/ZW6lC7TeBP,https://twitter.com/AztecaDeportes/status/1909690458806403470,1,Error: L√≠mite de rate excedido,1,rate_limited
https://t.co/QxssaEDJMk,https://twitter.com/genbeta/status/1909613777613365699,1,Error: L√≠mite de rate excedido,2,rate_limited
https://t.co/57GRpLf86b,https://twitter.com/CaracolRadio/status/1909575055572337020,1,Error: L√≠mite de rate excedido,3,rate_limited
https://t.co/pXk04iDFgr,https://twitter.com/larazon_es/status/1909544245540856203,1,Error: L√≠mite de rate excedido,4,rate_limited
https://t.co/vly8pYrMG7,https://twitter.com/mundodeportivo/status/1909539217639612646,1,"üîµ Se march√≥ del Manchester City y le ha dicho a Guardiola que no quiere volver: ""Seguro""

https://t.co/88v0nNCuWp",5,success
https://t.co/6hyMiuijTn,https://twitter.com/ahorrandoclick1/status/1909539704707444924/photo/1,1,Error: L√≠mite de rate excedido,1,rate_limited
https://t.co/KeJuGNND3O,https://twitter.com/Lecturas/status/1909539220781219915,1,Error: L√≠mite de rate excedido,2,rate_limited
https://t.co/Y1K99uLOhy,https://twitter.com/andro4all/status/1909539311684313546,1,Error: L√≠mite de rate excedido,3,rate_limited
https://t.co/MVVySeQPVm,https://twitter.com/infobae/status/1909534794783863200,1,Error: L√≠mite de rate excedido,4,rate_limited
https://t.co/nbjURYDQEc,https://twitter.com/ahorrandoclick1/status/1909535608298480095/photo/1,1,El Ebro. https://t.co/nbjURYDQEc,5,success
https://t.co/o2EgGO0W1w,https://twitter.com/ahorrandoclick1/status/1909535036262559803/photo/1,1,Error: L√≠mite de rate excedido,1,rate_limited
https://t.co/zxwP6kF8Mt,https://twitter.com/quincemil15000/status/1909218989055566287,1,Error: L√≠mite de rate excedido,2,rate_limited
https://t.co/n22EAKa5gK,https://twitter.com/okdiario/status/1909476853728854138,1,Error: L√≠mite de rate excedido,3,rate_limited
https://t.co/r1G8SeWH6s,https://twitter.com/larazon_es/status/1909388956589847018,1,Error: L√≠mite de rate excedido,4,rate_limited
https://t.co/9KbSvBbkOE,https://twitter.com/infobae/status/1908788263974023203,1,"C√≥mo activar el modo Minecraft en WhatsApp para disfrutar a√∫n m√°s la pel√≠cula | Por Isabela Dur√°n San Juan
https://t.co/xrPOaxtnQT",5,success
https://t.co/Y8VFM9f9Fh,https://twitter.com/eldebate_com/status/1909194440293429636,1,Error: L√≠mite de rate excedido,1,rate_limited
https://t.co/MdjkIAra2I,https://twitter.com/abc_es/status/1908923907756998854,1,Error: L√≠mite de rate excedido,2,rate_limited
https://t.co/5xeoG73zUF,https://twitter.com/VandalOnline/status/1909142979773596045,1,Error: L√≠mite de rate excedido,3,rate_limited
https://t.co/VCXhUQsf3u,https://twitter.com/AlfaBetaJuega/status/1909143030466064713,1,Error: L√≠mite de rate excedido,4,rate_limited
https://t.co/VmVN8bcrD5,https://twitter.com/larepublica_pe/status/1909029358787797253,1,"‚ö†Ô∏è üî¥ Senamhi lanza alerta roja desde el 7 de abril por fen√≥meno de gran magnitud en Lima y 11 regiones

Senamhi recomienda a la poblaci√≥n mantenerse informada y seguir las indicaciones de las autoridades para mitigar los efectos del fen√≥meno.
https://t.co/EcK6MHEm2O",5,success
https://t.co/EPAP5YhjKq,https://twitter.com/Portafolioco/status/1909109138417655846,1,Error: L√≠mite de rate excedido,1,rate_limited
https://t.co/xSWxsPv0El,https://twitter.com/tndeportivo/status/1908880792291312086,1,Error: L√≠mite de rate excedido,2,rate_limited
https://t.co/F1iKKYwIHl,https://twitter.com/tndeportivo/status/1908880725794750482,1,Error: L√≠mite de rate excedido,3,rate_limited
https://t.co/aynbqHoPjM,https://twitter.com/CanalRCN/status/1908525115203105080,1,Error: L√≠mite de rate excedido,4,rate_limited
https://t.co/kuk0JLkeQc,https://twitter.com/elgraficoweb/status/1908655894117646794,1,"Bayern M√∫nich anunci√≥ la despedida de una leyenda que jugar√° ante Boca en el Mundial de Clubes üá©üá™

El club alem√°n inform√≥ la baja a partir de la pr√≥xima temporada de una de sus principales figuras, que igualmente disputar√° el certamen en Estados Unidos.

https://t.co/N5V8bKBwIl",5,success
https://t.co/ZnzbdI3RjO,https://twitter.com/La_SER/status/1908447797638017393,1,Error: L√≠mite de rate excedido,1,rate_limited
https://t.co/axcDA5jg3E,https://twitter.com/GizmodoES/status/1908137269678027262,1,Error: L√≠mite de rate excedido,2,rate_limited
https://t.co/LjH4WmkH4M,https://twitter.com/ahorrandoclick1/status/1908138501759029670/photo/1,1,Error: L√≠mite de rate excedido,3,rate_limited
https://t.co/qtJIyX6c7V,https://twitter.com/elEconomistaes/status/1908135374800441351,1,Error: L√≠mite de rate excedido,4,rate_limited
