url,title,is_clickbait
https://t.co/ik70DfHNVe,"El secreto mejor guardado de Paula Badosa: ""Lo tengo escrito en la raqueta""",1
https://t.co/QSJEl9GSSD,"Aimar Bretos descubre cuándo se jubilan los jugadores de eSports y se queda sin palabras: ""Me ha matado""",1
https://t.co/jggrhWLEP2,"Esta es la causa de más del 80% de los cánceres de cavidad oral, laringe y faringe",1
https://t.co/4cOcWdGsSE,Giro de 180º en los cajeros de toda la vida: el cambio que llega el 28 de junio,1
https://t.co/noMgLDNRaW,Usar las entradas y salidas con menos coste.,1
https://t.co/cI17Hly9gz,Exclusivamente para personas con alergia o intolerancia a los componentes de la leche: posible presencia de leche no declarada en el etiquetado de licores.,1
https://t.co/KiaFQWg0V1,"Retiran estos populares licores vendidos en toda España: si tienes alergia, no los consumas",1
https://t.co/o86UhKS0Nc,Este es el país con la costa más larga del mundo: está rodeado por tres océanos y ninguno lo supera,1
https://t.co/Gvx8QYzHW0,"El bonito pueblo milenario en el que nació Aitana: rodeado de montañas, cerca de Barcelona y famoso por sus cerezas",1
https://t.co/Wu43PJIL2v,¿Por qué Álvaro Montero no fue convocado a la Selección Colombia? Todos los detalles aquí,1
https://t.co/Hy91EK3YKT,"Bombazo: principio de acuerdo entre Franco Mastantuono y un gigante de Europa

La joven estrella de River partiría al fútbol del Viejo Continente después de dos negociaciones que se dieron en Buenos Aires.",1
https://t.co/XVGIsp4kn9,McDonald’s anunció cierre masivo de locales para junio 2025: los motivos detrás de la decisión.,1
https://t.co/zq9zECOMet,¿Cuestión de horas? Deportivo Cali haría un importante anuncio sobre Alfredo Arias,1
https://t.co/yOWcRXE3nw,Adiós a esta multinacional en España: cierra su histórica tienda y abandona esta capital,1
https://t.co/JZFekZpPdg,Hacienda lo confirma: multas de miles de euros por sacar ésta cantidad del cajero,1
https://t.co/0iEwV0EEjL,Duró menos de cuatro años: Popular cervecería cerrará para siempre el próximo 31 de mayo,1
https://t.co/m6GPwMpStr,"Millonarios, el mejor equipo colombiano en este ranking histórico de la Copa Libertadores

 El cuadro ‘embajador’ supera a equipos históricos como Cruzeiro, Racing, Deportivo Cali, entre otros",1
https://t.co/stBHuAjnuk,Junior anunció cambio de DT,1
https://t.co/9MC4728LrY,"¡Ah caray! 
Toluca deja Televisa y sus partidos serán transmitidos por esta televisora a partir del Apertura 2025",1
https://t.co/uLiBnh3wnH,"Aerolínea anuncia nueva ruta directa entre Colombia y Estados Unidos.

Más detalles haciendo clic en la imagen.",1
https://t.co/QHrancOAIA,La serie de The Last of Us evita una de las muertes más dolorosas del juego,1
https://t.co/aVPUIiQt8z,"El deseo de Quique Sánchez Flores para su hija Patricia, que se casa dentro de un mes con Javier Millet.",1
https://t.co/wvj1hXuBYb,Richard Gere confirma los rumores que nadie se creía: «Cada mañana»,1
https://t.co/ufIfKnXkjz,Adiós a los cajeros de siempre: el cambio inminente que llega en junio te pillará por sorpresa,1
https://t.co/TGXexz1NzJ,"Si Hacienda no te ha devuelto el dinero de la declaración de la Renta, cuidado: es por esta razón",1
https://t.co/3TTSj8Ny4v,Este es el único club de Europa que tendrá una piscina en el estadio.,1
https://t.co/eKmIEM9SFA,Fijo de Selección Colombia tendría esta lesión a horas de la convocatoria: revolcón para Lorenzo,1
https://t.co/YkZE7nTmfD,"""Frío polar"" en Buenos Aires: qué día de esta semana bajará la temperatura a 5 grados",1
https://t.co/KeA7GFM3I0,"la playa de Castilnovo, entre los municipios gaditanos del Palmar y Conil de la Frontera",1
https://t.co/CxpwQKMKBE,,1
https://t.co/PfSVgJO1Xm,El zasca de la mujer de Lucas Vázquez a sus haters y la reacción del futbolista,1
https://t.co/SuDXMiSrpH,No se vio en TV y va a romper el corazón de todos los madridistas: lo que hizo  en su adiós   vía,1
https://t.co/1ff36umoZD,¿Darío Benedetto vuelve al fútbol argentino? En qué equipo de Primera División se entrenó,1
https://t.co/waFDMpzu93,El personaje soñado de David Tennant que Pedro Pascal obtuvo  Por Virginia García,1
https://t.co/xCTIppBKyz,"If you associate the brand with muscle cars like the GTO cruising California roadways, the state with the most Pontiacs per capita will surprise you.",1
https://t.co/cZBG48vi1O,Hay cientos de conductores afectados: la nueva señal de tráfico que va a arruinar el verano a media España,1
https://t.co/nEoSW9q1cm,Esta es la cifra real por la que Ronaldo ha vendido el Valladolid,1
https://t.co/E93YeU1MLY,Listo para una Guerra Mundial: el país de Sudamérica que preocupa a las potencias por su imponente submarino nuclear.,1
https://t.co/gXKJLsdSV7,"El futbolista que ficharía Maldini para suplir a Luka Modric en el Real Madrid

 ""Sería el más parecido""",1
https://t.co/6I6BJPAYvt,"Terremoto de entrenadores en la cantera del Real Madrid: Raúl se va, Arbeloa asciende y suenan Toril y un ex del Barcelona",1
https://t.co/Yure5on4ps,No volverás a tomar café de la misma manera: el invento de Decathlon perfecto para los cafeteros más adictos,1
https://t.co/MyvZvbdjZO,¡Brad Pitt viene a la CDMX!  Prepárate para correr a toda velocidad y poder verlo de cerquita.  Checa cuándo vendrá por el fan event de “F1 la película”.  Aquí te lo contamos:,1
https://t.co/oLU3ptAtGh,Giro radical en los billetes de euro: el aviso de Banco de España que puede cambiarlo todo,1
https://t.co/Zq8vHY8nX1,Cuidado: llegan las primeras multas por ver el futbol en pirata con una IPTV y pueden ser de hasta 5.000 euros,1
https://t.co/bI58zNS9VA,El rey Felipe de España no podrá venir a la posesión de Noboa y esta es la razón.,1
https://t.co/1rUMu4sAFW,Rafa Nadal habla sin tapujos del documental de Carlos Alcaraz: menuda rajada,1
https://t.co/w0n2QX160b,Isabel Allende deja atónito a David Broncano con sus inesperadas respuestas a las preguntas clásicas de ‘La Revuelta’,1
https://t.co/izdNUOqh9r,Conoce cuántas fechas de sanción recibió Edwin Cardona tras ser expulsado por Wilmar Roldán,1
https://t.co/0h9k5f4WeP,HBO cancela la segunda temporada de 'El Pingüino' con Colin Farrell y nadie lo entiende: Warner tiene sus motivos,1
https://t.co/zvefasrcw8,LUTO EN EL FÚTBOL COLOMBIANO,1
https://t.co/AhFVYFCwks,"¿Quién debe ganar el Balón de Oro para Diego López?

El asturiano fue preguntado en la inauguración del nuevo campo de Sedaví sobre quién es el mejor futbolista del momento",1
https://t.co/b0Ej1twJKp,Confirmado por Hacienda: multa a los propietarios que tengan más de una vivienda y no hagan esto,1
https://t.co/BGF9pAaAzO,"Adiós a pagar por facturar tus maletas en el aeropuerto: sale a la luz el mejor truco de la historia para conseguirlo

 Hemos rescatado uno de los mejores trucos para ahorrar en equipaje a la hora de hacer viajes largos",1
https://t.co/PGmb1Wky54,"Si crees que te llama un familiar pero puede ser un timador con su voz, ten una palabra secreta con tus familiares.

Por cierto, la ""experta"" es una enfermera...",1
https://t.co/lO8yModusv,Ya sabemos quién es el villano sorpresa de la nueva peli de Superman y como fan no puedo estar más decepcionado,1
https://t.co/NmFUcCko8L,El pueblo de Albacete con piscinas naturales en su centro histórico y cascadas dónde refrescarse este verano,1
https://t.co/JFa9VIJXoQ,"El país del mundo que ha estado cerca de ser invadido por media Europa, pero nunca ha logrado ser colonizado",1
https://t.co/MFCHkBT6YG,Una popular cadena de comida que opera en casi todo el país anunció el cierre de hasta 21 locales  Por Luis A. Flores,1
https://t.co/nz29QzpQiM,¿Por qué está cerrada la tienda del Athletic en San Mamés?,1
https://t.co/pOHBvXOVPb,"TAJANTE 

Ni Messi ni Cristiano Ronaldo: Rio Ferdinand eligió al mejor futbolista del mundo",1
https://t.co/DFqAJUabas,El municipio vizcaíno que participará en la próxima edición del Grand Prix,1
https://t.co/M2P5TVQGDT,José Luis Martínez-Almeida revela el nombre de su primer hijo con Teresa Urquijo,1
https://t.co/OAjkZcDN6q,En el blog de   Un aeropuerto de récord: no ha perdido una sola maleta en los últimos 30 años,1
https://t.co/1pMVcNk6bd,"Ana Rosa Quintana pone fecha a sus vacaciones y nombra a sus sustitutos en Mediaset

Carlos Merenciano",1
https://t.co/J7zvqpJB9I,Ana Rosa Quintana pone fecha a sus vacaciones y nombra a sus sustitutos en Mediaset,1
https://t.co/K842BcQfv5,Lala Chus,1
https://t.co/XcdOQ2mdKp,"Luis Díaz y Dibu Martínez podrían jugar juntos: atención al gigante de Europa que los querría juntar

 Ambos jugadores podrían terminar siendo compañeros en la próxima temporada.",1
https://t.co/wW0QJVxB2P,Esta es la verdura que los japoneses comen y está cargada de proteína,1
https://t.co/owZOf3REAU,Ya se conocen los rivales del Barça para la Supercopa de España 2026,1
https://t.co/LYO2mXLwPv,Fuerte sanción UEFA a Croacia,1
https://t.co/VmsBedzgq7,"Sinner revela la 'traición' de su hermano, ausente en la final de Roma ante Alcaraz",1
https://t.co/RIOTYckwEN,Nintendo pide disculpas de manera oficial por esta función de Nintendo Switch 2 que no estará en la consola,1
https://t.co/fOWH8Nve8y,"Así reaccionó Donald Trump al diagnóstico de cáncer de próstata de Joe Biden

El presidente publicó en su red Truth Social después de que se diera a conocer el estado de salud de su antecesor.",1
https://t.co/iXpDW03Oza,El Athletic ya conoce el horario en el que despedirá a De Marcos ante el Barcelona,1
https://t.co/wtbyQ2OGxV,Sanidad ordena la retirada inmediata de un conocido medicamento en España para tratar la depresión,1
https://t.co/tohoR0V0LT,"Se conocieron todos los detalles del traspaso del defensa central, Dean Huijsen, al conjunto 'merengue', proveniente del Bournemouth, de la Premier League,",1
https://t.co/sLbVkLcUy3,Vosotros lo veis a 219 euros? Yo tampoco.,1
https://t.co/d4yF8QBpJB,De 219 a 99 euros: es el ventilador más vendido en Amazon y tiene un descuento histórico,1
https://t.co/N3JBWn7zqb,Fichaje bomba en Socialité: Telecinco mueve ficha y recupera a esta polémica exreportera para el programa,1
https://t.co/8H113JR1xh,Esta es la conocida presentadora de 'Antena 3' que se niega a ir a 'Pasapalabra': el motivo es sorprendente,1
https://t.co/IKUoTliCrM,"Este pueblo de Cádiz es el más bonito de Andalucía este 2025, según National Geographic: ""Es un lugar donde reina la luz""",1
https://t.co/oZpO6JRh2T,Carlos Fernández zanja su futuro con la Real Sociedad,1
https://t.co/oYx595VmcN,Qué pasa si hay empate entre Toluca y Tigres en semifinales,1
https://t.co/B9dxRFnOzm,"Si viaja a Estados Unidos o Europa, no podrá llevar este objeto electrónico en el avión: aerolíneas actualizan normativa",1
https://t.co/9qgycxdRCl,"Paco González desvela la única serie que ha tenido que dejar a medias

 ""Por indignación""",1
https://t.co/OzxSxfp4LL,"Mastantuono, Reijnders, Exequiel Palacios o Angelo Stiller.

Para que os hagáis una idea del nivel de la información:
No saben que el Liverpool no juega el torneo.",1
https://t.co/lY35Cf5IO4,Los centrocampistas que el Real Madrid sigue para darle a Xabi Alonso en el Mundial de Clubes,1
https://t.co/YIpddMhYy7,Preocupación por campeón del mundo con Brasil en 2002; fue hospitalizado de urgencia.,1
https://t.co/0pMAzTq7Q5,"Desvelan el secreto de Orestes y otros concursantes de Pasapalabra: ""No tenemos amigos...""",1
https://t.co/pDH5V1SUZu,"Lúcio, ingresado con graves quemaduras: el comunicado del hospital",1
https://t.co/UYp6Bg9NDq,Elon Musk advierte: el Sol va a devorar a la Tierra,1
https://t.co/kj3jjL62bR,Entérese:,1
https://t.co/4nG1luDEKy,La ciencia resolvió el famoso misterio,1
https://t.co/hKHPxmdJqi,Adiós confirmado: tres fábricas de Bimbo echan el candado y suman más de 600 despidos en España,1
https://t.co/c4gy3ZdcT8,"Los seguidores de God of War quieren desesperadamente el regreso de Kratos, pero no del modo que imaginas",1
https://t.co/HqD6ftaozO,"¡Alcaraz busca la final en Roma!
Alcaraz - Musetti: TV, horario, dónde y cómo ver el Masters 1.000 de Roma",1
https://t.co/r5y7L32FGh,¿En qué posición sale España con Melody en Eurovisión? Orden de las actuaciones de la final de 2025,1
https://t.co/uypGgSEAXh,"Adiós a las botellas de butano naranjas: desaparecen las de toda la vida, estas serán las nuevas",1
https://t.co/XDrXCwbShd,“Precaución”: La Guardia Civil manda un aviso por lo último que está pasando en las playas de España,1
https://t.co/7HsZnhXsHX,que original se pone la renfe a veces,1
https://t.co/YQk0zGMoIn,,1
https://t.co/TlqcnQO5sY,"Quién va a ganar Eurovisión según ChatGPT

Informa",1
https://t.co/U8QwEvlezq,,1
https://t.co/CpvhTd8Upi,"Fue nombrada la ""niña más guapa del mundo"" con 6 años y así luce ahora a los 24 años",1
https://t.co/wAsbWNtpfE,"Juancho Hernangómez desvela dónde se quiere retirar en España

 ""Esa fue la razón por la que firmé por solo dos años con el Panathinaikos""",1
https://t.co/PvfhEZzBFp,"Este es el pueblo más antiguo de Cantabria que parece sacado de una postal.

 Fue declarado Conjunto Histórico Artístico en 1979 por su arquitectura tradicional",1
https://t.co/fLi3UhkPML,Alejandra Rubio enseña el rincón favorito de su salón y Carlo Costanzia reacciona,1
https://t.co/oBLKOUYuPu,La OCDE busca Ciudades para todas las edades y una de las mejores para las personas mayores está en España,1
https://t.co/2pHqHsgV01,Noticia confirmada. Kyrgios volverá a Roland Garros,1
https://t.co/I1QOXaRLnz,Los datos lo confirman: Lamine Yamal puede igualar a Cristiano Ronaldo con algo impropio a sus 17 años,1
https://t.co/o8ZWry66VN,Ander Herrera confirmó cuando vuelve a la titularidad en Boca,1
https://t.co/JuU9ftTMJK,"Encogimiento de pene o pérdida del orgasmo, efectos secundarios de este popular crecepelo: ""Los riesgos superan a los beneficios""",1
https://t.co/PQa7MWZUVA,Han renovado el contrato del programa.,1
https://t.co/VEZbftQLFk,"Dua Lipa se emociona y desvela uno de sus rincones favoritos de Madrid: “Tenéis que venir a verlo”

 ""Me siento muy afortunada""",1
https://t.co/l1xkQIKxiu,Definido el club de James Rodríguez para el resto del 2025: salió a la luz el anuncio oficial,1
https://t.co/t9W3fmhDc6,Que te dé el sol.,1
https://t.co/gY7re4PjKV,"ÚLTIMA HORA

 El juez aclara su auto y retira a Asencio el cargo de grabar los vídeos sexuales

 Más información:",1
https://t.co/2IqejeoPCC,Adiós a irse de cañas en los bares españoles: el mítico vaso de cerveza está a punto de desaparecer de nuestras vidas,1
https://t.co/4p5FQ48BxX,"Adiós a Jordi Hurtado en Saber y Ganar: ""40 años en la televisión""",1
https://t.co/fH9c2lQ5bn,"Martín Bianchi explica el gran follón en la familia Beckham: ""Hay montada una telenovela...""",1
https://t.co/rdfUU8HvTr,,1
https://t.co/iZ6QEbDGqJ,Isabel Díaz Ayuso enamora en San Isidro con el vestido de invitada perfecto: de corte péplum y estampado,1
https://t.co/QhqLXdl4mT,¿Cuántos metros tiene que haber de una droguería a otra en Colombia?,1
https://t.co/xRQcvmJRnw,¿Cuánto ganó Kevin Costner con cada episodio de “Yellowstone”?  Por Ester Palomino,1
https://t.co/TJpPoTRIhj,"Si estoy en un semáforo ¿tengo que poner la ""N"" en la caja de cambios de mi coche automático?",1
https://t.co/A1AZZeLGv3,"Sergio Ramos se va de México, así lo revela un video que circula en redes este miércoles. 

Los detalles:",1
https://t.co/tU8BwxycOe,"La planta desconocida que aporta calcio, ayuda a regular la presión arterial y combate el hígado graso",1
https://t.co/Ua4f6Zk3lV,Bea Gimeno y Nacho Aragón desvelan si el bebé que esperan es niño o niña: este es el nombre con tradición familiar que han escogido,1
https://t.co/MMVW98M5l2,"Ferran Torres, operado de urgencia",1
https://t.co/7fsXwG1m8G,"Gwyneth Paltrow ha revelado qué es lo que más le ha sorprendido de trabajar con Timothée Chalamet en Marty Suprem

Vía",1
https://t.co/X2cSUPpHn3,Torrente,1
https://t.co/FAtuTtWQKU,La sorprendente decisión del entrenador de Osasuna en plena lucha por Europa,1
https://t.co/l7MJNSZkf4,"El cofundador de las guías de viaje Lonely Planet revela los países a los que no piensa volver: ""Lo siento, pero no""",1
https://t.co/H40HAu3oze,Adiós a practicar sexo en el coche: esta es la multa que te puede llegar a casa si te pillan,1
https://t.co/AiVEOHsY1h,Port Aventura tendrá un desfile para cerrar cada día.,1
https://t.co/DBDXUxPEBV,Así es por dentro el impresionante palacete de Jordi Hurtado en Barcelona,1
https://t.co/qyWjtKRXvX,"Va de compras a un centro comercial de Logroño, se le cae una bolsa y su contenido deja sin palabras al equipo de seguridad 

 El incidente tuvo lugar en uno de los centros comerciales más concurridos de Logroño",1
https://t.co/xu49GjsJz2,Un dilema muy común en las cocinas: este es el mejor papel para conservar el queso en casa,1
https://t.co/mKrUVe2BGG,"DIGI, Vodafone y Orange, claudican: están revelando tu dirección y tu nombre si usas IPTV a LaLiga",1
https://t.co/CuSrdESGk2,Decathlon lo confirma: pone a la venta lo que será obligatorio en España a partir del 1 de enero de 2026,1
https://t.co/5gDBopOmKT,'El Eternauta' está arrasando pero no ha conseguido ser la serie número 1 mundial de Netflix. Hay otra que lleva dos semanas seguidas en lo más alto,1
https://t.co/i1aKK3PXBW,Ha muerto su fisio y amigo Fabrizio Borra,1
https://t.co/cEQwB2GPnG,Un grupo anti-Elon Musk enfrenta un Tesla contra un tanque y el resultado no es el que esperaban,1
https://t.co/TsmeBfetbL,La verdad de la salud de Luis Díaz: la historia desconocida del futbolista del Liverpool y la Selección Colombia,1
https://t.co/MjLd3InWkY,"Demichelis lo ignoró, hoy los aficionados lo aman y lo quiere el Manchester United",1
https://t.co/m0WqC3lQ55,Esto se sabe sobre los rumores de Piero Hincapié al Real Madrid.,1
https://t.co/SRg2l2ziX1,"¡El elegido!  Chivas toma decisión sobre su próximo director técnico

Información de  



 I  I",1
https://t.co/mJptQQ1qU8,Carlo Ancelotti causa temor: llamó a gloria de Brasil para ser su asistente rumbo al Mundial 2026,1
https://t.co/zYZvSLVU1a,Este es el 'sueldazo' de Javier Ruiz que usa la televisión pública para insultar,1
https://t.co/pOeIphKidv,"Fracasó en la Liga MX, no ganó ningún título, pero ahora puede dirigir al Leverkusen de Xabi Alonso",1
https://t.co/6gGYevX6u2,Una estrella de 'The Big Bang Theory' lo admite: sólo puede ver la serie sin sonido porque su actuación es horrible,1
https://t.co/h5sDtVevBj,Manu Carreño señala el primer gran reto de Xabi Alonso con Mbappé: no lo han conseguido ni Luis Enrique ni Ancelotti,1
,La comida favorita de Mbappé desde que vive en España.,1
https://t.co/BmX8PTPxV2,¿Cuánto tiempo le queda al Universo? Los científicos adelantan drásticamente la fecha de su final,1
https://t.co/n0MBGs7vHw,León XIV confirma su visita a este país al que Francisco planeaba ir antes de morir: sería su primer viaje oficial,1
https://t.co/jXJi1VoHR3,Este es el electrodoméstico que dispara el recibo de la luz: no es ni el horno ni la lavadora,1
https://t.co/rrNSUBhJAn,Comunicado de Roberto Brasero por el giro radical que está a punto de llegar: «La semana que viene…»,1
https://t.co/SHVSQ6Cgge,Buenas noticias si tienes hijos pequeños: te van a dar 2.400 € por cada uno por hacer sólo esto,1
https://t.co/qdeY6AonjQ,Entradas para la final de la Conference League entre Betis y Chelsea: precios y cómo comprarlas,1
https://t.co/lE7p49VgMJ,Adiós a la indemnización: esta es la jugada maestra de algunas empresas para no darte ni un duro,1
https://t.co/hrt9FYPoA3,El Gobierno lo confirma: jubilación anticipada cobrando el 100% de la pensión si cumples éste requisito,1
https://t.co/N084LekzEX,"Revelan futuro de Andrés Guardado en México 



 I  I",1
https://t.co/Xth4muI4B9,Alerta por un apagón masivo mundial: quiénes serían los usuarios afectados.,1
https://t.co/uGVaa8u6WI,¿Es permitido fumar en zonas comunes de un conjunto o edificio? Ley Propiedad Horizontal,1
https://t.co/CD5kEIQLHb,Importante marca de helados se retira del mercado tras 98 años de historia: se oficializa en quiebra,1
https://t.co/eQrLQOJmKv,No quiere volver a su país y se pone a llorar. Lo de meter a Mercadona de forma gratuita ya sabéis porqué lo hacen...,1
https://t.co/Ldixa3ogEf,El sorprendente lugar elegido para la comida de directivos del Clásico: no es un restaurante común,1
https://t.co/SUkjknrYDV,Lo cambia todo: científicos descubren un animal capaz de sobrevivir sin oxígeno,1
https://t.co/IgOBYBFXfa,"Revelan el curioso apodo del papa León XIV cuando vivía en Perú: ""Incluso los obispos lo llamaban..."".",1
https://t.co/dPliYz2bt0,La Velada del Año VI confirma su primer artista invitado tras la quedada de Ibai y Bad Bunny,1
https://t.co/xC88k1iAq4,Cae considerablemente este sábado el precio de la luz: estas son las horas en las que estará mas barata.,1
https://t.co/nA8BcIaUN7,Una nave soviética impactará contra la Tierra este fin de semana de forma descontrolada: ¿dónde y cuándo caerá?,1
https://t.co/4wIhW8i97a,"¿Adiós apellido? 

El nuevo nombre que usará Santiago Gimenez en su playera del AC Milan",1
https://t.co/x1Gq3wkMFM,"Cuál es la forma correcta de colgar el papel higiénico, según quien registró la patente en 1891",1
https://t.co/Mclrsn4PUc,Se conoció el trabajo que aceptó Luciana Salazar para pagar sus deudas,1
https://t.co/Ka24Cttxju,"Karol G, en medio de lágrimas, confesó que padece un serio problema. Este fue su duro relato .",1
https://t.co/pyGdY11oev,El poderoso exsenador que entrega órdenes políticas en Soledad: “Hasta los concejales le tienen miedo”.,1
https://t.co/gyIJV5GcHO,La exnovia de Alfa ventiló el problema que el ex Gran Hermano sufre en la cama y lo arruinó,1
https://t.co/aiTBiGNMvL,"La embajada más antigua del mundo es española.

 Se trata de uno de los edificios más emblemáticos que existen y que cuenta con cientos de años de historia

Cuándo se fundó y en qué ciudad se encuentra",1
https://t.co/FA72Axq51S,¿Es obligatorio llevar la pegatina medioambiental en el coche? Esto es lo que dice la DGT,1
https://t.co/SZdokULEYE,La protagonista de '[REC]' también ha podido visitar Casa Puga y pasear por el Museo de Realismo Español Contemporáneo.,1
https://t.co/RMfN4W4RYi,El mensaje de WhatsApp que León XIV envió 12 minutos antes de entrar al cónclave,1
https://t.co/J8WyytSJdH,"Conozca los números que podrían llevarse el premio mayor, según la IA",1
https://t.co/khqrm4294H,Horizonte final,1
https://t.co/ipfCGtNV0V,La DGT intensifica sus controles: multas de hasta 500 euros para quienes hagan esto,1
https://t.co/99LTVkaGSh,Luis Enrique se encapricha de un jugador del Real Madrid,1
https://t.co/BXCaBbWPaO,Mensaje claro al Real Madrid por Mastantuono,1
https://t.co/cIBwxdGXBK,"Eduardo Inda, el periodista de Hacendado.",1
https://t.co/8Rlvnka0a0,Cierre masivo de las cuentas del banco en España: lo que nos espera en mayo,1
https://t.co/b7nK0OwWIh,Su novio estaba viendo un partido en el móvil y se le cortaba todo el rato la emisión.,1
https://t.co/N4J4kBGqkS,"Valeria Castro señala lo que le falta a su disco: ""Es la primera vez que lo digo públicamente""",1
https://t.co/vF8CgWsnA4,"Según IA: Este es el mejor barrio para vivir en Bogotá; es tranquilo, comercial y seguro",1
https://t.co/d0tlsvyCjm,El nuevo Papa es de Chicago...,1
https://t.co/0o5VwAfF7s,"El inesperado guiño en las redes de la China Suárez al nuevo papa, León XIV",1
https://t.co/vnSAIS44xl,"María Escario alza la voz contra La familia de la tele y RTVE con solo una palabra y un tuit 

 Esther Mucientes",1
https://t.co/bJO4kqeizI,"""Guardiola no me dice... 'oye, que te arrastras por el campo'""",1
https://t.co/b9C9I8AeQZ,Un décimo de lotería premiado con 24 millones de dólares.,1
https://t.co/Ob5Vo6Lgxr,"Un cardiólogo señala la fruta indispensable para consumir durante la noche para no tener dificultades para dormir

Mejora la cantidad y la calidad del sueño",1
https://t.co/OvFAcSVFjx,"Solo este país de América Latina no celebra el Día de la Madre en mayo: conoce por qué motivo y en qué mes se conmemora

En Perú, la festividad del Día de la Madre se celebra el segundo domingo de mayo, que en 2025 será el 11 de mayo.",1
https://t.co/BkX3pXzLCB,Ronald Araujo toma una medida drástica en redes ante las críticas recibidas por la eliminación en Champions,1
https://t.co/vvT8wINzjQ,¡ perdió su trono! Una nueva película acaba de convertirse en la más cara de la historia  Su presupuesto superó los millones de El Despertar de la Fuerza ¿Adivinas cuál es?,1
https://t.co/AKagFHbLQ0,La IA sentencia: este es el supermercado más caro de España,1
https://t.co/QIM8r3CLJu,Adiós a la secadora: el método holandés para secar la ropa en tiempo récord,1
https://t.co/n2pXHqIt41,"¡OFICIAL! 

Pumas anuncia OTRA BAJA tras ser eliminados del Clausura 2025.",1
https://t.co/aSiKw6kzJL,Matt Damon,1
https://t.co/duCVuXtZQ6,"Martínez-Almeida confirma cuándo sale de cuentas Teresa Urquijo y desvela sus planes tras ser padre 

En",1
https://t.co/P9E328K333,"David Sánchez señala al culpable de la eliminación del Barcelona ante el Inter

 ""Es él...""",1
https://t.co/GGVfR6zBlP,"Peruano compró caja misteriosa de Temu valorizada en S/500 y quedó en shock al abrirlo: ""Cumplió con sorprenderme""

Hombre pensaba recibir un smartwatch u otro objeto similar; sin embargo, no era lo que esperaba.",1
https://t.co/PK0ysnc8Lq,Madrid,1
https://t.co/SaD4BHzEB1,"La nueva Fontana di Trevi se podrá ver en esta capital el 30 de junio, y no es Roma.",1
https://t.co/5InRYGxmGt,"Leyenda de los banquillos, pero no dice de cuáles:",1
https://t.co/PzsUQUgLFC,"Una leyenda de los banquillos habla sobre Lamine Yamal: ""En Italia nunca jugaría""",1
https://t.co/dxr6oMgVSi,Singapur,1
https://t.co/azIDWWpnIp,"Esta será la final de la Champions 2025 según Opta 

La inteligencia artificial ya ha dictado sentencia para las 'semis'",1
https://t.co/Hi1TZcsrXx,"Parecen ‘nuggets’ de pollo, pero este manjar sólo se lo comen en Madrid, y en el resto de España da arcadas",1
https://t.co/jUptnbzfUq,El fin de una era en el sector inmobiliario: este es el clásico elemento que desaparece de las ventanas,1
https://t.co/ZKtcICukc4,Han renovado el contrato del programa.,1
https://t.co/Z7Kpzi649U,Redes sociales. La inesperada decisión de padres que empieza a sumar adeptos,1
https://t.co/Jr5b7vl2GL,Ni Puleva ni Pascual: Se destapa la empresa que fabrica la leche semidesnatada y entera de la marca Hacendado de Mercadona,1
https://t.co/nLMQWzyW5q,¿Cuál es el técnico de fútbol mejor pagado en Colombia?,1
https://t.co/wVmearupab,"Mediaset España da ""luz verde"" a Iker Jiménez para llevar a cabo uno de sus planes más ambiciosos",1
https://t.co/RIpk38NgMH,Bad Bunny regresa en concierto a Costa Rica... este será el día del show,1
https://t.co/FIH9vfH6Ps,"Con su gira mundial, el 'Conejo Malo' visitará hasta Japón",1
https://t.co/xrAqoe3N0S,"Guardiola revela el nombre del rival más duro de su carrera... y no es Mourinho: ""Me dio dolores de cabeza y me destrozó""",1
https://t.co/FVR60iWqfZ,El menú que la reina Letizia y la princesa Leonor degustaron tras su encuentro en Panamá: una muestra de la gastronomía del lugar con opciones vegetarianas,1
https://t.co/kBNTRFGKdT,Olvídate de volver a usar este programa en tu ordenador Windows: cierra hoy para siempre tras 22 años,1
https://t.co/t4tw5LJMmw,Robo de cable en Renfe: esto es lo que vale un kilo de cobre en España hoy si se vende chatarra,1
https://t.co/5bbqCET2pO,ya tiene fecha de lanzamiento del sencillo que marcará su nueva era,1
https://t.co/Gt5h6pqniQ,"La fecha del próximo apagón en España, según la inteligencia artificial",1
https://t.co/ijNL0W1COu,Alerta amarilla por tormentas en tres provincias de Castilla y León,1
https://t.co/X1aTuRvOtF,La palabra con la que el ministro Óscar Puente ha definido a Fernando Alonso: no todos la entienden,1
https://t.co/hezlGQFmdG,Así reaccionó Harry Kane tras ganar el primer título de su carrera: video de lo que hizo es viral,1
https://t.co/LfwuVZkrMK,Ni cocido ni potaje: el guiso típico de Extremadura y Castilla que lleva un ingrediente no apto para aprensivos,1
https://t.co/s3hWIANmdp,Ferran Adrià confiesa la frase que le dijo Xavi Hernández hace años y que no ha podido sacarse de la cabeza,1
https://t.co/5Sx2jJRYaO,Aplazada la Exhibición de Enganches en la Maestranza por el mal tiempo: esta es su nueva fecha,1
https://t.co/CD5kEIQLHb,Importante marca de helados se retira del mercado tras 98 años de historia: se oficializa en quiebra,1
https://t.co/ekd30Mug1q,"PROFUNDA TRISTEZA

Conmoción: murió un reconocido actor de Son Amores y Los Roldán",1
https://t.co/L4Q7a1rLwy,Juzgad vosotros.,1
https://t.co/DXHqt0I9XQ,"Según ChatGPT, la música refleja quiénes somos y nuestros gustos revelan rasgos psicológicos; hay un género que prefieren las personas con mayor inteligencia. ¿Es el suyo? Entérese aquí",1
https://t.co/IMHPhxgySN,La verdadera casa donde Cervantes escribió 'El Quijote' está en este lugar de España,1
https://t.co/DVQdMnYFg9,El plato típico malagueño de origen humilde que puedes hacer con solo tres ingredientes,1
https://t.co/KVsLAAVDzY,A partir de mañana,1
https://t.co/1TfNWMSnY2,Consigue 60 euros extra en la Declaración de la Renta por este dispositivo que probablemente tienes instalado en casa,1
https://t.co/qbmGvXp04V,Absurdo,1
https://t.co/epTjAIlRxH,"La prensa británica pone el foco en esta ""encantadora"" ciudad española: ""Una joya esperando ser explorada""",1
https://t.co/To41DUeOKA,'Colgué el teléfono': Jeremy Renner rechazó hacer la temporada 2 de 'Ojo de Halcón' en Disney+ por este motivo y critica al UCM,1
https://t.co/j4ZKtfAqse,"El largo río de las almas, en Movistar",1
https://t.co/KM1hoJL0PT,"Parte médico oficial y tiempo de baja de Koundé       

  Ampliar información",1
https://t.co/hdxWA5BoZH,Lupita TikTok ya pudo ver a su hija tras hospitalización; esto reveló sobre su estado de salud,1
https://t.co/9M78XSQNv4,Alejandro Valverde nombra a su sucesor: “El ciclista español que más se parece a mí es ….” La leyenda del ciclismo español tiene claro quién es el ciclista que más se parece a él y más triunfos le va a dar al ciclismo español en los próximos años.,1
https://t.co/nXXiDfUZug,"El polémico regalo de Donald Trump a su esposa Melania por su 55 cumpleaños

 “Estaba muy ocupado”",1
https://t.co/Pt9AQQZp8x,"Lourdes Montes comunica una noticia relacionada con su posparto, días después de dar a luz a Nicolás",1
https://t.co/qwOYxZNH8Q,La estrella del Real Madrid que analiza su posible salida tras los últimos resultados  +.,1
https://t.co/vsIn4GqAJ4,El electrodoméstico que consume tanta energía como 65 frigoríficos encendidos al mismo tiempo,1
https://t.co/i8Zwl9tJfb,Le bajó el colesterol,1
https://t.co/FpvWjV6Dtq,"El producto más vendido tras el gran apagón: ""Nos hemos quedado sin existencias""",1
https://t.co/2G1Z8l5GaB,"Ya se sabe la fecha de estreno de 'Traitors', con el Monasterio de Piedra y otros enclaves de Aragón como protagonistas",1
https://t.co/4VermSW5MK,Estas son las zonas con menos probabilidad de lluvias en el puente de mayo,1
https://t.co/QKRExeStGL,"¿Cuándo se jugarán los partidos de vuelta de las semifinales de la Champions League?

 Estos serán los días para escoger los dos finalistas del certamen.",1
https://t.co/p4eHnxbuAu,El truco para seguir teniendo Internet en tu casa cuando se corta la luz,1
https://t.co/QIJPRbLLq5,Lo que hizo fue meter droga en la prisión.,1
https://t.co/7a7JrZvuyV,El Padrino,1
https://t.co/N6Ew06w0y2,"El delantero que ha dado el visto bueno al Betis para que pague su cláusula de rescisión

 Además del Betis; Real Madrid, Sevilla, Chelsea y Mónaco se habían interesado por él",1
https://t.co/N6aTXh2kOb,"¿Ya no será la 'Verdeamarela'?  

 La Selección de Brasil estrenaría uniforme de color rojo para la Copa del Mundo de 2026",1
https://t.co/NJq5UU9HyA,Un inesperado objeto podría impactar contra la Tierra en los próximos días tras 53 años a la deriva.,1
https://t.co/GnJzLMocX7,Un atajo en 3 circuitos del Mario Kart DS,1
https://t.co/YyR2HNa3x2,Duro golpe a Brasil: ¿se cae la contratación de Ancelotti?,1
https://t.co/AmLgTtIGPR,Trabajadores independientes tienen hasta esta fecha para inscribirse ante la CCSS,1
https://t.co/CyTQKWNYy7,Revelan cuántos años hay que cotizar para poder cobrar el 100 % de la pensión en Colombia.,1
https://t.co/3adoSVrcJs,"Reconocido exjugador argentino apuntó contra futbolista de la selección Colombia: ""Es un poco pechofrío""",1
https://t.co/xQu7cEnA1n,Lost Odyssey,1
https://t.co/KNQ6xTT8hK,12 de septiembre,1
https://t.co/I6auXuRjWj,"Como si los bloqueos sirvieran para algo, cariño.",1
https://t.co/jQIdna4pSs,Actor de ‘Betty la fea’ anuncia que tiene cáncer y que no podrá volver a trabajar,1
https://t.co/tWSCTZm6jx,¿De quién se trata? Le informamos:,1
https://t.co/xBLd3EmIsN,"El gran señalado de Álvaro Benito tras la final de la Copa del Rey: ""O le pasa algo o no lo entiendo""",1
https://t.co/B4V6igZdqu,¿A qué se debe? Le contamos a detalles:,1
https://t.co/8L9kU75CLE,"En otra frenética mañana en la redacción de ElHezPost, la noticia del día es que un chico se queda atrapado en el ascensor y su reacción es aguantarse.",1
https://t.co/vOVjCDPegH,Este es el método que utilizan los japoneses para bajar de peso y no engordar,1
https://t.co/obT1nPkCnN,Keylor Navas toma una decisión: ¿La Selección de Costa Rica o el Mundial de Clubes?,1
https://t.co/S0ewX7qlfv,"Apagón masivo en España: qué ocurrió, qué dijo Red Eléctrica y cuáles son los otros países afectados",1
https://t.co/zQVjrneyj5,Cardenales decidieron la fecha en mayo en la que comenzará el cónclave para elegir al sucesor del papa Francisco,1
https://t.co/pN2tuIE4sS,"Gerard Piqué, en catalán, escribe la frase más polémica tras la victoria del Barcelona.

El ex jugador azulgrana ha querido celebrar la victoria sobre el Real Madrid a su manera, con una frase en las redes",1
https://t.co/FtIFJLitpH,‘La casa de los famosos Colombia’ podría acabarse antes de lo esperado; esta sería la razón,1
https://t.co/TKA9RLeGrc,Barcelona,1
https://t.co/EY2IoSdnpP,“¡Hijo de puta! ¡‘Cagaos’! ¡Caradura! ¿Y esa de Lamine? Para allí“,1
https://t.co/Kst1P8TVM5,El motivo por el cual Cristiano Ronaldo y Lionel Messi podrían jugar juntos en el mismo equipo a final de año,1
https://t.co/E1Fv07KJT6,"¿José Mourinho vuelve a la Premier  a sus 62 años? Es una posibilidad concreta y, según medios británicos, probable. Mirá",1
https://t.co/szg0EI9kS5,¿Por qué el Real Madrid NO jugaría la Final de la Copa del Rey? Últimas noticias EN DIRECTO,1
https://t.co/685jPW36es,Ni papel de cocina ni bayetas: el truco para limpiar la pantalla de la televisión y que quede impoluta sin dañarla,1
https://t.co/7PvLngn5xR,Multado con 800 euros por comprar este objeto en una tienda 'online',1
https://t.co/QaoBfbnfiG,Cuánta gente fue al funeral de Benedicto XVI y se despidió en la capilla ardiente en 2023,1
https://t.co/YuQi1ipuSf,Las alertas de tráfico se avisan con mucha menos antelación,1
https://t.co/gaEjaGqefr,¡Esto te interesa! El truco para saber si alguien te está robando tu WiFi y evitar que siga conectado,1
https://t.co/sZvQDcBflg,No se conoce.,1
https://t.co/Tjo73hy5pq,Oficial: Víctor Valdés ya tiene nuevo equipo como entrenador,1
https://t.co/Zt7QTWq8EG,James Rodríguez conoció la suspensión en Liga MX por increpar a un árbitro: problemas para León,1
https://t.co/jjPafnAnFs,"La ""rajada"" de los Estopa en La Revuelta que dejó helado a Broncano",1
https://t.co/BIGx2OaBMs,"Esta es la zona de Colombia donde viven los hombres más atractivos, según la IA.

ChatGPT reveló dónde residen los hombres considerados como los más bellos. ¿Cuáles son las cualidades que hacen a un hombre atractivo?

Detalles",1
https://t.co/dvEMbuOrck,"Pasar la ITV a un Seat 600 de 54 años no es fácil, pero menos si vas y te hacen esta pregunta",1
https://t.co/bGKhPS85Dz,Una jugada maestra: este país está negociando con Apple y Tesla para convertirse en la nueva fábrica del mundo,1
https://t.co/CIG6kEfcyp,Puedes deducirte el gimnasio en la Renta 2024 si vives en estas comunidades. Paso a paso para hacerlo en tu iPad o Mac,1
https://t.co/Dq601GfOoD,Adiós a la pista de atletismo en La Cartuja: esta es la nueva capacidad que tendrá el estadio de la final de Copa,1
https://t.co/SSB3EuZnLU,La lesión de Lewandowski termina por convencer a Deco: fichaje sorpresa,1
https://t.co/drqrTOdfHU,Carvajal causa taquicardia a los aficionados del Real Madrid: última hora,1
https://t.co/2Yr1YaK755,"La Policía Nacional explica qué hacer si te roban el móvil: ""No dejes pasar el tiempo y cuanto antes, haz esto""",1
https://t.co/FxmO6YfqYo,El electrodoméstico que tienes en casa y ayuda a eliminar las chinches sin usar insecticidas,1
https://t.co/cjAob2rCz0,Un directivo de una empresa cafetera dice que los precios están muy altos.,1
https://t.co/K5K8hfu7Ns,Copa del Rey 2025 en Sevilla: aquí está la 'fan zone' para los aficionados del Barcelona,1
https://t.co/g5cea3wjs7,Una de las plantas que mejor huele y decora los jardines atrae serpientes,1
https://t.co/NBz3O0vR4p,Pues a ver si dejáis de sacar artículos preguntando a chatGPT.,1
https://t.co/f3goD06kqz,"Expertos confirman el brutal daño que la IA le está haciendo al ser humano: ""Ni aprendiendo ni reteniendo nada""",1
https://t.co/AGDn2Nd4WM,¿Quién es el mejor jugador de la  según la IA?,1
https://t.co/EWRij03TTS,Decisión de Conmebol para Libertadores y Sudamericana por muerte del papa Francisco: es oficial.,1
https://t.co/CCXLnqBsvG,"¿El presidente Daniel Noboa tiene previsto viajar al funeral del papa Francisco?

Te lo contamos",1
https://t.co/OWEhGta4HT,,1
https://t.co/nrrSrIlBfS,El último gesto del  fue un adiós entre bendiciones. Horas antes de morir el pontífice conversó con su enfermero Massimiliano Strappeti.,1
https://t.co/xT1YpAvYpO,No es la estufa eléctrica: el aparato que sí o sí debés desconectar mientras dormís para evitar incendios,1
https://t.co/IUhqufoOEq,Lequio vaticina la nacionalidad del Papa que va a suceder a Francisco,1
https://t.co/deQ68wzFDm,ÚLTIMA HORA: El Sevilla FC pierde otro jugador importante para lo que queda de temporada,1
https://t.co/pApoqgQRpy,Adiós para siempre a Decathlon: cierra sus tiendas y es oficial,1
https://t.co/KQCllWrmHC,"Esta es la mejor ciudad de España para vivir según la IA: algunos españoles no están de acuerdo.

 Este lugar tiene playa, buen clima y precios de vivienda asequibles",1
https://t.co/zDCmV6QTMU,Reconocida marca de autos coreanos cambia su nombre en Chile: Así se llamará ahora,1
https://t.co/momM3fHHtE,Murió el papa Francisco: ¿Telefe romperá el aislamiento para contarles a los participantes de Gran Hermano?,1
https://t.co/0jKqhnLjpa,Ni Messi ni Maradona: el favorito del Papa Francisco no fue argentino,1
https://t.co/57ofQpQmbL,,1
https://t.co/C8zeUp0pPl,El sentido homenaje de Leo Messi al papa Francisco,1
https://t.co/phtN2rl56i,Alguien ha puesto papá en vez de Papa.,1
https://t.co/foEqVN6JG1,"""uno de los principales líderes de izquierda de la UE"".",1
https://t.co/Qkhd02vBuW,"¿Visito el Papa durante su pontificado Argentina, su tierra natal?

Entérate en esta nota",1
https://t.co/9WCMXE1BqD,¿Qué posibilidad tiene el cardenal chileno Fernando Chomali de ser el nuevo Papa?,1
https://t.co/sv2lwGDQPp,El recóndito pueblo al que llaman el Machu Picchu español por su belleza salvaje y sus increíbles vistas,1
https://t.co/DmffP2BA00,¿Cuánto dinero gana Holger Rune por el título del Conde de Godó?,1
https://t.co/icccenPk5n,Iba a la pega en Semana Santa y la balearon en la micro del Transantiago: el triste asesinato de estudiante de 16 años,1
https://t.co/i9w5wGk0P7,“¿Cómo te preparaste para interpretar a una Ellie mayor en la segunda temporada?”,1
https://t.co/RJk765rsy6,Por qué la NFL sancionó con seis partidos al mexicano Isaac Alarcón,1
https://t.co/OVeC1qhonq,Lesión de Lewandowski: qué tiene y cuánto tiempo estará de baja,1
https://t.co/XGdtMeyfxT,Sorpresón en el once del Barça,1
https://t.co/l2jlPcGMrY,La lengua vasca que no es el euskera y está a punto de desaparecer: sólo lo hablan 500 personas.,1
https://t.co/Ew4Pn3wEMw,Belén Esteban hace una excepción: conmueve al lanzar un mensaje para la persona que más quiere con un duro lamento incluido,1
https://t.co/jLQLUC3ERo,El motivo por el que no se venden yogures de naranja en los supermercados de España: «El sabor no...»,1
https://t.co/XToiZPhmyd,"Steve Jobs odiaba esta profesión, y no dudó en decírselo a la cara: ""Deberían hacer algo""",1
https://t.co/hI9Ldb9QzT,¡ATENCIÓN ! Más del tema a continuación:,1
https://t.co/WrCpwqD7Bp,"Ni Messi ni Maradona: quién es el mejor jugador de la historia, según Benzema",1
https://t.co/h02I7oiWWk,Ni jumping jacks ni flexiones: este es el ejercicio de cardio ideal para tonificar glúteos y mejorar la coordinación,1
https://t.co/lZdQeZEAYe,¿Debemos quitar la parte blanca del fuet antes comerlo?,1
https://t.co/30pY74YBzh,"Frank Blanco califica como ""imbécil"" a este cantante internacional con el que tuvo que parar una entrevista",1
https://t.co/JRTtnvO74S,En qué país de Sudamérica rinde más el peso colombiano 2025: Tiene 3 fronteras terrestres,1
https://t.co/kWkr756Fbg,¿Se dará 'BOMBAZO'?,1
https://t.co/y0kLCSJUgg,El diagnóstico que recibió L-Gante y que lo obliga a alejarse de los escenarios,1
https://t.co/zMT2cDvXQJ,"Tras la negativa de Jorge Sampaoli, Santos  busca a otro DT argentino  ¿De quién se trata? Mirá",1
https://t.co/X7E3RFN0ZV,"Salen a la luz las causas del fallecimiento de Michelle Trachtenberg, actriz de 'Gossip Girl' y 'Buffy, Cazavampiros'",1
https://t.co/uI2uZNJ4QZ,"Michelle Trachtenberg: revelan causa de su muerte  La actriz de ‘Gossip Girl’ o ‘Buffy, the Vampire Slayer’, murió el pasado febrero a los 39 años en su apartamento de Nueva York.",1
https://t.co/OK0kh8RbFg,Florentino Pérez señaló a los dos jugadores más tristes del vestuario nada más acabar el partido en el Bernabéu,1
https://t.co/EAFxSN00Ak,"Sí, ésto es noticia:",1
https://t.co/uRkvO3CxQM,El tierno mensaje de apoyo de Mina Bonino a Federico Valverde en la previa de un partido dificilísimo para Real Madrid por Liga de Campeones este miércoles,1
https://t.co/zYGp00Lu6V,Lo que ocurre si adelantas a la Guardia Civil en la carretera. La DGT es la que te da la pista,1
https://t.co/TEfdqD1Np7,Así avanza su recuperación:,1
https://t.co/44I77EQUkP,En Italia.,1
https://t.co/2KshNhSmNI,"El lujo de desconectarse: ¿Por qué Elton John, Ed Sheeran y Sarah Jessica Parker han renunciado al móvil?",1
https://t.co/Od9YbP66zD,Café con cacao.,1
https://t.co/XSwOuY3spE,"Ni Pedri, ni Lamine Yamal: el jugador del FC Barcelona que ya es ""casi más importante que cualquiera de los tres de arriba""",1
https://t.co/VOkDebGAL5,"RTVE pone hora y desvela a las presentadoras inesperadas del desfile con el que llegará  



Así será el evento que la cadena pública ha preparado para recibir a su nuevo magacín, que alterará sus horarios habituales:",1
https://t.co/eqL4XRt5pP,Su relación es que tienen una canción juntos.,1
https://t.co/lc1kArgFis,"Lo de siempre. Tu banco no se va a poner en contacto contigo por sms. Y si lo haces y caes en la trampa, un falso gestor te llama para pedirte datos personales.",1
https://t.co/UTWBc4bwDf,El Rayo Vallecano cierra su mejor fichaje del año,1
https://t.co/NEXUfFmGFC,Te contamos SIN SPOILERS si el final de  tiene escena post-créditos,1
https://t.co/QzgkGEOyr4,Almendras,1
https://t.co/u716XhVMJe,Activa el modo vacaciones en  con este truco fácil y olvídate de los mensajes por unos días.,1
https://t.co/9EhMp9lqP4,Soy nutricionista y esto es lo que debes hacer para que tu pizza sea más saludable,1
https://t.co/fSWnTW6CYL,Desde hace 2 días hay matrículas que empiezan por N.,1
https://t.co/5PQs7XoVxp,"Básicamente que hará frío.

Está bien que uséis chatGPT para todo, pero al menos revisad el texto que da bastante picor de ojos.",1
https://t.co/9KBQladMZE,Roberto Brasero revienta la Semana Santa y lanza el aviso más duro: «No hay provincia que se libre…»,1
https://t.co/32xdLMwQh2,Salta la sorpresa en Las Gaunas.,1
https://t.co/567aQxXNrE,Cambio radical en Android: esto es lo que va a pasar si dejas tu móvil en reposo tres días,1
https://t.co/ebskrY3hLu,Lucía Méndez cancela presentaciones por esta razón.,1
https://t.co/BMrQ8toLx8,¿Por qué Hansi Flick ha reservado a Iñigo Martínez?,1
https://t.co/V3YW0XUZys,Golpe a los planes del Barcelona: Luis Díaz cerca de aceptar jugosa oferta de otro club,1
https://t.co/5Lja27fa4L,Máximo 4.000 al mes y dura la promo 3 meses.,1
https://t.co/mSMpql9uO9,"La Ciudad de México confirma quién dará concierto gratuito en el Zócalo el próximo 10 de mayo, con motivo del Día de las Madres",1
https://t.co/ynjBmtpXKX,Así puede desactivar Meta AI en WhatsApp: por esto recomiendan hacerlo,1
https://t.co/bG8P7mm75a,No será ni Miranda! ni Rod Stewart: esta es la superestrella mundial que inaugurará la Claro Arena en Chile este 2025,1
https://t.co/FmTHlGfHSv,El Real Madrid prepara su primera limpieza: estos son los jugadores que corren peligro,1
https://t.co/mDMH5ORFWm,Eric Dane,1
https://t.co/Ft18GNV2oL,"La Guardia Civil comenzará a revisar las guanteras de miles de coches.

Este es el objeto obligatorio en todos los vehículos",1
https://t.co/W4HE09RM6T,Adiós a los abonos gratis de RENFE si no haces esto: quedan días,1
https://t.co/wTA1WXuTdM,"Rescatan cámara sumergida hace 55 años en el Lago Ness para buscar al ""monstruo"": esto fue lo que vio",1
https://t.co/1kPCjTrx4H,Nueva reducción de la jornada laboral en Chile: desde este día se trabajará solo 42 horas a la semana,1
https://t.co/88v0nNCuWp,"Se marchó del Manchester City y le ha dicho a Guardiola que no quiere volver: ""Seguro""",1
https://t.co/nbjURYDQEc,El Ebro.,1
https://t.co/xrPOaxtnQT,Cómo activar el modo Minecraft en WhatsApp para disfrutar aún más la película  Por Isabela Durán San Juan,1
https://t.co/EcK6MHEm2O,"Senamhi lanza alerta roja desde el 7 de abril por fenómeno de gran magnitud en Lima y 11 regiones

Senamhi recomienda a la población mantenerse informada y seguir las indicaciones de las autoridades para mitigar los efectos del fenómeno.",1
https://t.co/N5V8bKBwIl,"Bayern Múnich anunció la despedida de una leyenda que jugará ante Boca en el Mundial de Clubes 

El club alemán informó la baja a partir de la próxima temporada de una de sus principales figuras, que igualmente disputará el certamen en Estados Unidos.",1
